1261;http://www.stayfab.dk/wp-content/uploads/2015/06/1261.png
1262;http://www.stayfab.dk/wp-content/uploads/2015/06/1262.png
1263;http://www.stayfab.dk/wp-content/uploads/2015/06/1263.png
1264;http://www.stayfab.dk/wp-content/uploads/2015/06/1264.png
1265;http://www.stayfab.dk/wp-content/uploads/2015/06/1265.jpg
1266;http://www.stayfab.dk/wp-content/uploads/2015/06/1266.jpg
1267;http://www.stayfab.dk/wp-content/uploads/2015/06/1267.png
1268;http://www.stayfab.dk/wp-content/uploads/2015/06/1268.jpg
1269;http://www.stayfab.dk/wp-content/uploads/2015/06/1269.png
1270;http://www.stayfab.dk/wp-content/uploads/2015/06/1270.png
1271;http://www.stayfab.dk/wp-content/uploads/2015/06/1271.jpg
1272;http://www.stayfab.dk/wp-content/uploads/2015/06/1272.png
1273;http://www.stayfab.dk/wp-content/uploads/2015/06/1273.jpg
1274;http://www.stayfab.dk/wp-content/uploads/2015/06/1274.jpg
1275;http://www.stayfab.dk/wp-content/uploads/2015/06/1275.jpg
1276;http://www.stayfab.dk/wp-content/uploads/2015/06/1276.jpg
1277;http://www.stayfab.dk/wp-content/uploads/2015/06/1277.jpg
1278;http://www.stayfab.dk/wp-content/uploads/2015/06/1278.jpg
1279;http://www.stayfab.dk/wp-content/uploads/2015/06/1279.jpg
1280;http://www.stayfab.dk/wp-content/uploads/2015/06/1280.png
1281;http://www.stayfab.dk/wp-content/uploads/2015/06/1281.png
1282;http://www.stayfab.dk/wp-content/uploads/2015/06/1282.png
1283;http://www.stayfab.dk/wp-content/uploads/2015/06/1283.png
1284;http://www.stayfab.dk/wp-content/uploads/2015/06/1284.jpg
1285;http://www.stayfab.dk/wp-content/uploads/2015/06/1285.jpg
1286;http://www.stayfab.dk/wp-content/uploads/2015/06/1286.png
1287;http://www.stayfab.dk/wp-content/uploads/2015/06/1287.jpg
1288;http://www.stayfab.dk/wp-content/uploads/2015/06/1288.jpg
1289;http://www.stayfab.dk/wp-content/uploads/2015/06/1289.jpg
1290;http://www.stayfab.dk/wp-content/uploads/2015/06/1290.jpg
1291;http://www.stayfab.dk/wp-content/uploads/2015/06/1291.jpg
1292;http://www.stayfab.dk/wp-content/uploads/2015/06/1292.png
1293;http://www.stayfab.dk/wp-content/uploads/2015/06/1293.png
1294;http://www.stayfab.dk/wp-content/uploads/2015/06/1294.jpg
1295;http://www.stayfab.dk/wp-content/uploads/2015/06/1295.jpg
1296;http://www.stayfab.dk/wp-content/uploads/2015/06/1296.jpg
1297;http://www.stayfab.dk/wp-content/uploads/2015/06/1297.jpg
1298;http://www.stayfab.dk/wp-content/uploads/2015/06/1298.jpg
1299;http://www.stayfab.dk/wp-content/uploads/2015/06/1299.png
1300;http://www.stayfab.dk/wp-content/uploads/2015/06/1300.jpg
1301;http://www.stayfab.dk/wp-content/uploads/2015/06/1301.jpg
1302;http://www.stayfab.dk/wp-content/uploads/2015/06/1302.png
1303;http://www.stayfab.dk/wp-content/uploads/2015/06/1303.jpg
1304;http://www.stayfab.dk/wp-content/uploads/2015/06/1304.png
1305;http://www.stayfab.dk/wp-content/uploads/2015/06/1305.jpg
1306;http://www.stayfab.dk/wp-content/uploads/2015/06/1306.jpg
1307;http://www.stayfab.dk/wp-content/uploads/2015/06/1307.jpg
1308;http://www.stayfab.dk/wp-content/uploads/2015/06/1308.jpg
1309;http://www.stayfab.dk/wp-content/uploads/2015/06/1309.jpg
1310;http://www.stayfab.dk/wp-content/uploads/2015/06/1310.png
1312;http://www.stayfab.dk/wp-content/uploads/2015/06/1312.png
1313;http://www.stayfab.dk/wp-content/uploads/2015/06/1313.jpg
1314;http://www.stayfab.dk/wp-content/uploads/2015/06/1314.png
1315;http://www.stayfab.dk/wp-content/uploads/2015/06/1315.png
1316;http://www.stayfab.dk/wp-content/uploads/2015/06/1316.png
1317;http://www.stayfab.dk/wp-content/uploads/2015/06/1317.jpg
1318;http://www.stayfab.dk/wp-content/uploads/2015/06/1318.jpg
1319;http://www.stayfab.dk/wp-content/uploads/2015/06/1319.jpg
1320;http://www.stayfab.dk/wp-content/uploads/2015/06/1320.jpg
1321;http://www.stayfab.dk/wp-content/uploads/2015/06/1321.jpg
1322;http://www.stayfab.dk/wp-content/uploads/2015/06/1322.jpg
1323;http://www.stayfab.dk/wp-content/uploads/2015/06/1323.jpg
1324;http://www.stayfab.dk/wp-content/uploads/2015/06/1324.jpg
1325;http://www.stayfab.dk/wp-content/uploads/2015/06/1325.jpg
1326;http://www.stayfab.dk/wp-content/uploads/2015/06/1326.jpg
1327;http://www.stayfab.dk/wp-content/uploads/2015/06/1327.png
1328;http://www.stayfab.dk/wp-content/uploads/2015/06/1328.jpg
1329;http://www.stayfab.dk/wp-content/uploads/2015/06/1329.png
1330;http://www.stayfab.dk/wp-content/uploads/2015/06/1330.png
1331;http://www.stayfab.dk/wp-content/uploads/2015/06/1331.jpg
1332;http://www.stayfab.dk/wp-content/uploads/2015/06/1332.jpg
1333;http://www.stayfab.dk/wp-content/uploads/2015/06/1333.jpg
1335;http://www.stayfab.dk/wp-content/uploads/2015/06/1335.png
1336;http://www.stayfab.dk/wp-content/uploads/2015/06/1336.png
1337;http://www.stayfab.dk/wp-content/uploads/2015/06/1337.png
1338;http://www.stayfab.dk/wp-content/uploads/2015/06/1338.jpg
1339;http://www.stayfab.dk/wp-content/uploads/2015/06/1339.jpg
1340;http://www.stayfab.dk/wp-content/uploads/2015/06/1340.jpg
1341;http://www.stayfab.dk/wp-content/uploads/2015/06/1341.jpg
1342;http://www.stayfab.dk/wp-content/uploads/2015/06/1342.jpg
1343;http://www.stayfab.dk/wp-content/uploads/2015/06/1343.jpg
1344;http://www.stayfab.dk/wp-content/uploads/2015/06/1344.jpg
1345;http://www.stayfab.dk/wp-content/uploads/2015/06/1345.jpg
1346;http://www.stayfab.dk/wp-content/uploads/2015/06/1346.png
1347;http://www.stayfab.dk/wp-content/uploads/2015/06/1347.jpg
1348;http://www.stayfab.dk/wp-content/uploads/2015/06/1348.png
1349;http://www.stayfab.dk/wp-content/uploads/2015/06/1349.jpg
1350;http://www.stayfab.dk/wp-content/uploads/2015/06/1350.jpg
1351;http://www.stayfab.dk/wp-content/uploads/2015/06/1351.jpg
1352;http://www.stayfab.dk/wp-content/uploads/2015/06/1352.png
1353;http://www.stayfab.dk/wp-content/uploads/2015/06/1353.jpg
1354;http://www.stayfab.dk/wp-content/uploads/2015/06/1354.png
1355;http://www.stayfab.dk/wp-content/uploads/2015/06/1355.png
1356;http://www.stayfab.dk/wp-content/uploads/2015/06/1356.png
1357;http://www.stayfab.dk/wp-content/uploads/2015/06/1357.jpg
1358;http://www.stayfab.dk/wp-content/uploads/2015/06/1358.jpg
1359;http://www.stayfab.dk/wp-content/uploads/2015/06/1359.png
1360;http://www.stayfab.dk/wp-content/uploads/2015/06/1360.png
1361;http://www.stayfab.dk/wp-content/uploads/2015/06/1361.png
1362;http://www.stayfab.dk/wp-content/uploads/2015/06/1362.png
1363;http://www.stayfab.dk/wp-content/uploads/2015/06/1363.png
1364;http://www.stayfab.dk/wp-content/uploads/2015/06/1364.jpg
1365;http://www.stayfab.dk/wp-content/uploads/2015/06/1365.jpg
1366;http://www.stayfab.dk/wp-content/uploads/2015/06/1366.png
1367;http://www.stayfab.dk/wp-content/uploads/2015/06/1367.jpg