SKU;Fetarued
1113;http://www.stayfab.dk/wp-content/uploads/2015/06/1113.jpg
1150;http://www.stayfab.dk/wp-content/uploads/2015/06/1150.jpg
1154;http://www.stayfab.dk/wp-content/uploads/2015/06/1154.jpg
1155;http://www.stayfab.dk/wp-content/uploads/2015/06/1155.jpg
1156;http://www.stayfab.dk/wp-content/uploads/2015/06/1156.jpg
1157;http://www.stayfab.dk/wp-content/uploads/2015/06/1157.jpg
1158;http://www.stayfab.dk/wp-content/uploads/2015/06/1158.jpg
1159;http://www.stayfab.dk/wp-content/uploads/2015/06/1159.jpg
1160;http://www.stayfab.dk/wp-content/uploads/2015/06/1160.jpg
1161;http://www.stayfab.dk/wp-content/uploads/2015/06/1161.jpg
1162;http://www.stayfab.dk/wp-content/uploads/2015/06/1162.jpg
1163;http://www.stayfab.dk/wp-content/uploads/2015/06/1163.jpg
1164;http://www.stayfab.dk/wp-content/uploads/2015/06/1164.jpg
1165;http://www.stayfab.dk/wp-content/uploads/2015/06/1165.jpg
1166;http://www.stayfab.dk/wp-content/uploads/2015/06/1166.jpg
1167;http://www.stayfab.dk/wp-content/uploads/2015/06/1167.jpg
1168;http://www.stayfab.dk/wp-content/uploads/2015/06/1168.jpg
1169;http://www.stayfab.dk/wp-content/uploads/2015/06/1169.jpg
1170;http://www.stayfab.dk/wp-content/uploads/2015/06/1170.jpg
1171;http://www.stayfab.dk/wp-content/uploads/2015/06/1171.jpg
1172;http://www.stayfab.dk/wp-content/uploads/2015/06/1172.png
1173;http://www.stayfab.dk/wp-content/uploads/2015/06/1173.jpg
1174;http://www.stayfab.dk/wp-content/uploads/2015/06/1174.jpg
1175;http://www.stayfab.dk/wp-content/uploads/2015/06/1175.jpg
1176;http://www.stayfab.dk/wp-content/uploads/2015/06/1176.jpg
1177;http://www.stayfab.dk/wp-content/uploads/2015/06/1177.jpg
1178;http://www.stayfab.dk/wp-content/uploads/2015/06/1178.jpg
1179;http://www.stayfab.dk/wp-content/uploads/2015/06/1179.jpg
1181;http://www.stayfab.dk/wp-content/uploads/2015/06/1181.jpg
1182;http://www.stayfab.dk/wp-content/uploads/2015/06/1182.jpg
1183;http://www.stayfab.dk/wp-content/uploads/2015/06/1183.jpg
1184;http://www.stayfab.dk/wp-content/uploads/2015/06/1184.jpg
1185;http://www.stayfab.dk/wp-content/uploads/2015/06/1185.jpg
1186;http://www.stayfab.dk/wp-content/uploads/2015/06/1186.jpg
1187;http://www.stayfab.dk/wp-content/uploads/2015/06/1187.jpg
1188;http://www.stayfab.dk/wp-content/uploads/2015/06/1188.jpg
1189;http://www.stayfab.dk/wp-content/uploads/2015/06/1189.png
1190;http://www.stayfab.dk/wp-content/uploads/2015/06/1190.jpg
1191;http://www.stayfab.dk/wp-content/uploads/2015/06/1191.jpg
1192;http://www.stayfab.dk/wp-content/uploads/2015/06/1192.jpg
1193;http://www.stayfab.dk/wp-content/uploads/2015/06/1193.jpg
1194;http://www.stayfab.dk/wp-content/uploads/2015/06/1194.jpg
1195;http://www.stayfab.dk/wp-content/uploads/2015/06/1195.jpg
1196;http://www.stayfab.dk/wp-content/uploads/2015/06/1196.jpg
1197;http://www.stayfab.dk/wp-content/uploads/2015/06/1197.jpg
1198;http://www.stayfab.dk/wp-content/uploads/2015/06/1198.jpg
1199;http://www.stayfab.dk/wp-content/uploads/2015/06/1199.jpg
1200;http://www.stayfab.dk/wp-content/uploads/2015/06/1200.jpg
1201;http://www.stayfab.dk/wp-content/uploads/2015/06/1201.jpg
1202;http://www.stayfab.dk/wp-content/uploads/2015/06/1202.jpg
1244;http://www.stayfab.dk/wp-content/uploads/2015/06/1244.png
1251;http://www.stayfab.dk/wp-content/uploads/2015/06/1251.jpg
464;http://www.stayfab.dk/wp-content/uploads/2015/06/464.jpg
465;http://www.stayfab.dk/wp-content/uploads/2015/06/465.jpg
466;http://www.stayfab.dk/wp-content/uploads/2015/06/466.jpg
467;http://www.stayfab.dk/wp-content/uploads/2015/06/467.jpg
468;http://www.stayfab.dk/wp-content/uploads/2015/06/468.jpg
469;http://www.stayfab.dk/wp-content/uploads/2015/06/469.jpg
470;http://www.stayfab.dk/wp-content/uploads/2015/06/470.jpg
471;http://www.stayfab.dk/wp-content/uploads/2015/06/471.jpg
472;http://www.stayfab.dk/wp-content/uploads/2015/06/472.jpg
473;http://www.stayfab.dk/wp-content/uploads/2015/06/473.jpg
474;http://www.stayfab.dk/wp-content/uploads/2015/06/474.png
475;http://www.stayfab.dk/wp-content/uploads/2015/06/475.jpg
476;http://www.stayfab.dk/wp-content/uploads/2015/06/476.jpg
477;http://www.stayfab.dk/wp-content/uploads/2015/06/477.jpg
482;http://www.stayfab.dk/wp-content/uploads/2015/06/482.jpg
483;http://www.stayfab.dk/wp-content/uploads/2015/06/483.jpg
484;http://www.stayfab.dk/wp-content/uploads/2015/06/484.jpg
485;http://www.stayfab.dk/wp-content/uploads/2015/06/485.jpg
486;http://www.stayfab.dk/wp-content/uploads/2015/06/486.jpg
487;http://www.stayfab.dk/wp-content/uploads/2015/06/487.jpg
488;http://www.stayfab.dk/wp-content/uploads/2015/06/488.jpg
489;http://www.stayfab.dk/wp-content/uploads/2015/06/489.jpg
490;http://www.stayfab.dk/wp-content/uploads/2015/06/490.png
491;http://www.stayfab.dk/wp-content/uploads/2015/06/491.jpg
492;http://www.stayfab.dk/wp-content/uploads/2015/06/492.jpg
493;http://www.stayfab.dk/wp-content/uploads/2015/06/493.jpg
495;http://www.stayfab.dk/wp-content/uploads/2015/06/495.jpg
496;http://www.stayfab.dk/wp-content/uploads/2015/06/496.jpg
497;http://www.stayfab.dk/wp-content/uploads/2015/06/497.jpg
498;http://www.stayfab.dk/wp-content/uploads/2015/06/498.jpg
499;http://www.stayfab.dk/wp-content/uploads/2015/06/499.jpg
500;http://www.stayfab.dk/wp-content/uploads/2015/06/500.jpg
501;http://www.stayfab.dk/wp-content/uploads/2015/06/501.jpg
502;http://www.stayfab.dk/wp-content/uploads/2015/06/502.jpg
503;http://www.stayfab.dk/wp-content/uploads/2015/06/503.jpg
504;http://www.stayfab.dk/wp-content/uploads/2015/06/504.jpg
505;http://www.stayfab.dk/wp-content/uploads/2015/06/505.jpg
506;http://www.stayfab.dk/wp-content/uploads/2015/06/506.jpg
507;http://www.stayfab.dk/wp-content/uploads/2015/06/507.jpg
508;http://www.stayfab.dk/wp-content/uploads/2015/06/508.jpg
509;http://www.stayfab.dk/wp-content/uploads/2015/06/509.jpg
510;http://www.stayfab.dk/wp-content/uploads/2015/06/510.jpg
512;http://www.stayfab.dk/wp-content/uploads/2015/06/512.jpg
514;http://www.stayfab.dk/wp-content/uploads/2015/06/514.jpg
515;http://www.stayfab.dk/wp-content/uploads/2015/06/515.jpg
516;http://www.stayfab.dk/wp-content/uploads/2015/06/516.jpg
518;http://www.stayfab.dk/wp-content/uploads/2015/06/518.jpg
519;http://www.stayfab.dk/wp-content/uploads/2015/06/519.jpg
520;http://www.stayfab.dk/wp-content/uploads/2015/06/520.jpg
521;http://www.stayfab.dk/wp-content/uploads/2015/06/521.jpg
522;http://www.stayfab.dk/wp-content/uploads/2015/06/522.jpg
523;http://www.stayfab.dk/wp-content/uploads/2015/06/523.jpg
524;http://www.stayfab.dk/wp-content/uploads/2015/06/524.jpg
525;http://www.stayfab.dk/wp-content/uploads/2015/06/525.jpg
526;http://www.stayfab.dk/wp-content/uploads/2015/06/526.jpg
527;http://www.stayfab.dk/wp-content/uploads/2015/06/527.jpg
528;http://www.stayfab.dk/wp-content/uploads/2015/06/528.jpg
529;http://www.stayfab.dk/wp-content/uploads/2015/06/529.jpg
530;http://www.stayfab.dk/wp-content/uploads/2015/06/530.jpg
531;http://www.stayfab.dk/wp-content/uploads/2015/06/531.jpg
532;http://www.stayfab.dk/wp-content/uploads/2015/06/532.jpg
533;http://www.stayfab.dk/wp-content/uploads/2015/06/533.jpg
534;http://www.stayfab.dk/wp-content/uploads/2015/06/534.jpg
535;http://www.stayfab.dk/wp-content/uploads/2015/06/535.jpg
536;http://www.stayfab.dk/wp-content/uploads/2015/06/536.jpg
537;http://www.stayfab.dk/wp-content/uploads/2015/06/537.jpg
538;http://www.stayfab.dk/wp-content/uploads/2015/06/538.jpg
539;http://www.stayfab.dk/wp-content/uploads/2015/06/539.jpg
540;http://www.stayfab.dk/wp-content/uploads/2015/06/540.jpg
542;http://www.stayfab.dk/wp-content/uploads/2015/06/542.jpg
543;http://www.stayfab.dk/wp-content/uploads/2015/06/543.jpg
544;http://www.stayfab.dk/wp-content/uploads/2015/06/544.jpg
545;http://www.stayfab.dk/wp-content/uploads/2015/06/545.jpg
546;http://www.stayfab.dk/wp-content/uploads/2015/06/546.jpg
547;http://www.stayfab.dk/wp-content/uploads/2015/06/547.jpg
548;http://www.stayfab.dk/wp-content/uploads/2015/06/548.jpg
549;http://www.stayfab.dk/wp-content/uploads/2015/06/549.jpg
550;http://www.stayfab.dk/wp-content/uploads/2015/06/550.jpg
551;http://www.stayfab.dk/wp-content/uploads/2015/06/551.jpg
552;http://www.stayfab.dk/wp-content/uploads/2015/06/552.jpg
553;http://www.stayfab.dk/wp-content/uploads/2015/06/553.jpg
554;http://www.stayfab.dk/wp-content/uploads/2015/06/554.jpg
555;http://www.stayfab.dk/wp-content/uploads/2015/06/555.jpg
556;http://www.stayfab.dk/wp-content/uploads/2015/06/556.jpg
568;http://www.stayfab.dk/wp-content/uploads/2015/06/568.jpg
571;http://www.stayfab.dk/wp-content/uploads/2015/06/571.jpg
572;http://www.stayfab.dk/wp-content/uploads/2015/06/572.jpg
573;http://www.stayfab.dk/wp-content/uploads/2015/06/573.jpg
574;http://www.stayfab.dk/wp-content/uploads/2015/06/574.png
575;http://www.stayfab.dk/wp-content/uploads/2015/06/575.jpg
576;http://www.stayfab.dk/wp-content/uploads/2015/06/576.jpg
577;http://www.stayfab.dk/wp-content/uploads/2015/06/577.png
578;http://www.stayfab.dk/wp-content/uploads/2015/06/578.jpg
579;http://www.stayfab.dk/wp-content/uploads/2015/06/579.jpg
580;http://www.stayfab.dk/wp-content/uploads/2015/06/580.jpg
581;http://www.stayfab.dk/wp-content/uploads/2015/06/581.png
582;http://www.stayfab.dk/wp-content/uploads/2015/06/582.jpg
583;http://www.stayfab.dk/wp-content/uploads/2015/06/583.jpg
584;http://www.stayfab.dk/wp-content/uploads/2015/06/584.jpg
585;http://www.stayfab.dk/wp-content/uploads/2015/06/585.png
586;http://www.stayfab.dk/wp-content/uploads/2015/06/586.png
587;http://www.stayfab.dk/wp-content/uploads/2015/06/587.jpg
588;http://www.stayfab.dk/wp-content/uploads/2015/06/588.png
590;http://www.stayfab.dk/wp-content/uploads/2015/06/590.png
591;http://www.stayfab.dk/wp-content/uploads/2015/06/591.jpg
593;http://www.stayfab.dk/wp-content/uploads/2015/06/593.jpg
594;http://www.stayfab.dk/wp-content/uploads/2015/06/594.jpg
595;http://www.stayfab.dk/wp-content/uploads/2015/06/595.jpg
596;http://www.stayfab.dk/wp-content/uploads/2015/06/596.jpg
597;http://www.stayfab.dk/wp-content/uploads/2015/06/597.jpg
598;http://www.stayfab.dk/wp-content/uploads/2015/06/598.jpg
599;http://www.stayfab.dk/wp-content/uploads/2015/06/599.jpg
600;http://www.stayfab.dk/wp-content/uploads/2015/06/600.jpg
601;http://www.stayfab.dk/wp-content/uploads/2015/06/601.jpg
602;http://www.stayfab.dk/wp-content/uploads/2015/06/602.jpg
603;http://www.stayfab.dk/wp-content/uploads/2015/06/603.jpg
604;http://www.stayfab.dk/wp-content/uploads/2015/06/604.jpg
605;http://www.stayfab.dk/wp-content/uploads/2015/06/605.jpg
606;http://www.stayfab.dk/wp-content/uploads/2015/06/606.jpg
607;http://www.stayfab.dk/wp-content/uploads/2015/06/607.jpg
608;http://www.stayfab.dk/wp-content/uploads/2015/06/608.jpg
609;http://www.stayfab.dk/wp-content/uploads/2015/06/609.jpg
611;http://www.stayfab.dk/wp-content/uploads/2015/06/611.jpg
612;http://www.stayfab.dk/wp-content/uploads/2015/06/612.jpg
613;http://www.stayfab.dk/wp-content/uploads/2015/06/613.jpg
614;http://www.stayfab.dk/wp-content/uploads/2015/06/614.jpg
615;http://www.stayfab.dk/wp-content/uploads/2015/06/615.jpg
616;http://www.stayfab.dk/wp-content/uploads/2015/06/616.jpg
617;http://www.stayfab.dk/wp-content/uploads/2015/06/617.jpg
618;http://www.stayfab.dk/wp-content/uploads/2015/06/618.jpg
619;http://www.stayfab.dk/wp-content/uploads/2015/06/619.jpg
620;http://www.stayfab.dk/wp-content/uploads/2015/06/620.jpg
621;http://www.stayfab.dk/wp-content/uploads/2015/06/621.jpg
622;http://www.stayfab.dk/wp-content/uploads/2015/06/622.jpg
624;http://www.stayfab.dk/wp-content/uploads/2015/06/624.jpg
625;http://www.stayfab.dk/wp-content/uploads/2015/06/625.jpg
626;http://www.stayfab.dk/wp-content/uploads/2015/06/626.jpg
627;http://www.stayfab.dk/wp-content/uploads/2015/06/627.jpg
628;http://www.stayfab.dk/wp-content/uploads/2015/06/628.jpg
631;http://www.stayfab.dk/wp-content/uploads/2015/06/631.jpg
632;http://www.stayfab.dk/wp-content/uploads/2015/06/632.jpg
633;http://www.stayfab.dk/wp-content/uploads/2015/06/633.jpg
634;http://www.stayfab.dk/wp-content/uploads/2015/06/634.jpg
635;http://www.stayfab.dk/wp-content/uploads/2015/06/635.jpg
636;http://www.stayfab.dk/wp-content/uploads/2015/06/636.jpg
637;http://www.stayfab.dk/wp-content/uploads/2015/06/637.jpg
638;http://www.stayfab.dk/wp-content/uploads/2015/06/638.jpg
639;http://www.stayfab.dk/wp-content/uploads/2015/06/639.jpg
640;http://www.stayfab.dk/wp-content/uploads/2015/06/640.jpg
641;http://www.stayfab.dk/wp-content/uploads/2015/06/641.jpg
642;http://www.stayfab.dk/wp-content/uploads/2015/06/642.jpg
643;http://www.stayfab.dk/wp-content/uploads/2015/06/643.jpg
644;http://www.stayfab.dk/wp-content/uploads/2015/06/644.jpg
645;http://www.stayfab.dk/wp-content/uploads/2015/06/645.jpg
646;http://www.stayfab.dk/wp-content/uploads/2015/06/646.jpg
647;http://www.stayfab.dk/wp-content/uploads/2015/06/647.jpg
648;http://www.stayfab.dk/wp-content/uploads/2015/06/648.jpg
649;http://www.stayfab.dk/wp-content/uploads/2015/06/649.jpg
650;http://www.stayfab.dk/wp-content/uploads/2015/06/650.png
651;http://www.stayfab.dk/wp-content/uploads/2015/06/651.jpg
652;http://www.stayfab.dk/wp-content/uploads/2015/06/652.jpg
653;http://www.stayfab.dk/wp-content/uploads/2015/06/653.jpg
654;http://www.stayfab.dk/wp-content/uploads/2015/06/654.png
655;http://www.stayfab.dk/wp-content/uploads/2015/06/655.png
656;http://www.stayfab.dk/wp-content/uploads/2015/06/656.jpg
657;http://www.stayfab.dk/wp-content/uploads/2015/06/657.png
658;http://www.stayfab.dk/wp-content/uploads/2015/06/658.png
659;http://www.stayfab.dk/wp-content/uploads/2015/06/659.jpg
660;http://www.stayfab.dk/wp-content/uploads/2015/06/660.jpg
661;http://www.stayfab.dk/wp-content/uploads/2015/06/661.png
662;http://www.stayfab.dk/wp-content/uploads/2015/06/662.jpg
663;http://www.stayfab.dk/wp-content/uploads/2015/06/663.jpg
664;http://www.stayfab.dk/wp-content/uploads/2015/06/664.jpg
665;http://www.stayfab.dk/wp-content/uploads/2015/06/665.png
666;http://www.stayfab.dk/wp-content/uploads/2015/06/666.png
667;http://www.stayfab.dk/wp-content/uploads/2015/06/667.png
668;http://www.stayfab.dk/wp-content/uploads/2015/06/668.jpg
669;http://www.stayfab.dk/wp-content/uploads/2015/06/669.jpg
670;http://www.stayfab.dk/wp-content/uploads/2015/06/670.jpg
671;http://www.stayfab.dk/wp-content/uploads/2015/06/671.jpg
672;http://www.stayfab.dk/wp-content/uploads/2015/06/672.jpg
673;http://www.stayfab.dk/wp-content/uploads/2015/06/673.jpg
674;http://www.stayfab.dk/wp-content/uploads/2015/06/674.jpg
675;http://www.stayfab.dk/wp-content/uploads/2015/06/675.jpg
676;http://www.stayfab.dk/wp-content/uploads/2015/06/676.jpg
677;http://www.stayfab.dk/wp-content/uploads/2015/06/677.jpg
678;http://www.stayfab.dk/wp-content/uploads/2015/06/678.jpg
679;http://www.stayfab.dk/wp-content/uploads/2015/06/679.jpg
680;http://www.stayfab.dk/wp-content/uploads/2015/06/680.jpg
681;http://www.stayfab.dk/wp-content/uploads/2015/06/681.jpg
682;http://www.stayfab.dk/wp-content/uploads/2015/06/682.jpg
683;http://www.stayfab.dk/wp-content/uploads/2015/06/683.jpg
684;http://www.stayfab.dk/wp-content/uploads/2015/06/684.jpg
685;http://www.stayfab.dk/wp-content/uploads/2015/06/685.jpg
686;http://www.stayfab.dk/wp-content/uploads/2015/06/686.jpg
687;http://www.stayfab.dk/wp-content/uploads/2015/06/687.jpg
688;http://www.stayfab.dk/wp-content/uploads/2015/06/688.jpg
690;http://www.stayfab.dk/wp-content/uploads/2015/06/690.jpg
691;http://www.stayfab.dk/wp-content/uploads/2015/06/691.jpg
692;http://www.stayfab.dk/wp-content/uploads/2015/06/692.jpg
693;http://www.stayfab.dk/wp-content/uploads/2015/06/693.jpg
694;http://www.stayfab.dk/wp-content/uploads/2015/06/694.jpg
695;http://www.stayfab.dk/wp-content/uploads/2015/06/695.jpg
697;http://www.stayfab.dk/wp-content/uploads/2015/06/697.jpg
698;http://www.stayfab.dk/wp-content/uploads/2015/06/698.jpg
700;http://www.stayfab.dk/wp-content/uploads/2015/06/700.jpg
701;http://www.stayfab.dk/wp-content/uploads/2015/06/701.jpg
702;http://www.stayfab.dk/wp-content/uploads/2015/06/702.jpg
703;http://www.stayfab.dk/wp-content/uploads/2015/06/703.jpg
704;http://www.stayfab.dk/wp-content/uploads/2015/06/704.jpg
705;http://www.stayfab.dk/wp-content/uploads/2015/06/705.jpg
706;http://www.stayfab.dk/wp-content/uploads/2015/06/706.jpg
707;http://www.stayfab.dk/wp-content/uploads/2015/06/707.jpg
708;http://www.stayfab.dk/wp-content/uploads/2015/06/708.jpg
709;http://www.stayfab.dk/wp-content/uploads/2015/06/709.jpg
710;http://www.stayfab.dk/wp-content/uploads/2015/06/710.jpg
711;http://www.stayfab.dk/wp-content/uploads/2015/06/712.jpg
712;http://www.stayfab.dk/wp-content/uploads/2015/06/712.jpg
713;http://www.stayfab.dk/wp-content/uploads/2015/06/713.jpg
714;http://www.stayfab.dk/wp-content/uploads/2015/06/714.jpg
715;http://www.stayfab.dk/wp-content/uploads/2015/06/715.jpg
716;http://www.stayfab.dk/wp-content/uploads/2015/06/716.jpg
717;http://www.stayfab.dk/wp-content/uploads/2015/06/717.jpg
718;http://www.stayfab.dk/wp-content/uploads/2015/06/718.jpg
719;http://www.stayfab.dk/wp-content/uploads/2015/06/720.jpg
720;http://www.stayfab.dk/wp-content/uploads/2015/06/720.jpg
721;http://www.stayfab.dk/wp-content/uploads/2015/06/721.jpg
722;http://www.stayfab.dk/wp-content/uploads/2015/06/722.jpg
723;http://www.stayfab.dk/wp-content/uploads/2015/06/723.jpg
724;http://www.stayfab.dk/wp-content/uploads/2015/06/724.jpg
725;http://www.stayfab.dk/wp-content/uploads/2015/06/725.jpg
726;http://www.stayfab.dk/wp-content/uploads/2015/06/726.jpg
727;http://www.stayfab.dk/wp-content/uploads/2015/06/727.jpg
728;http://www.stayfab.dk/wp-content/uploads/2015/06/728.jpg
729;http://www.stayfab.dk/wp-content/uploads/2015/06/729.jpg
730;http://www.stayfab.dk/wp-content/uploads/2015/06/730.jpg
731;http://www.stayfab.dk/wp-content/uploads/2015/06/730.jpg
732;http://www.stayfab.dk/wp-content/uploads/2015/06/732.jpg
733;http://www.stayfab.dk/wp-content/uploads/2015/06/733.jpg
734;http://www.stayfab.dk/wp-content/uploads/2015/06/734.jpg
735;http://www.stayfab.dk/wp-content/uploads/2015/06/735.jpg
736;http://www.stayfab.dk/wp-content/uploads/2015/06/736.jpg
737;http://www.stayfab.dk/wp-content/uploads/2015/06/737.jpg
739;http://www.stayfab.dk/wp-content/uploads/2015/06/739.png
740;http://www.stayfab.dk/wp-content/uploads/2015/06/740.jpg
741;http://www.stayfab.dk/wp-content/uploads/2015/06/741.jpg
742;http://www.stayfab.dk/wp-content/uploads/2015/06/742.jpg
743;http://www.stayfab.dk/wp-content/uploads/2015/06/743.jpg
744;http://www.stayfab.dk/wp-content/uploads/2015/06/744.jpg
745;http://www.stayfab.dk/wp-content/uploads/2015/06/745.jpg
746;http://www.stayfab.dk/wp-content/uploads/2015/06/746.jpg
747;http://www.stayfab.dk/wp-content/uploads/2015/06/747.jpg
754;http://www.stayfab.dk/wp-content/uploads/2015/06/754.jpg
762;http://www.stayfab.dk/wp-content/uploads/2015/06/762.jpg
763;http://www.stayfab.dk/wp-content/uploads/2015/06/763.jpg
765;http://www.stayfab.dk/wp-content/uploads/2015/06/765.jpg
766;http://www.stayfab.dk/wp-content/uploads/2015/06/766.jpg
770;http://www.stayfab.dk/wp-content/uploads/2015/06/770.jpg
783;http://www.stayfab.dk/wp-content/uploads/2015/06/783.jpg
785;http://www.stayfab.dk/wp-content/uploads/2015/06/785.jpg
786;http://www.stayfab.dk/wp-content/uploads/2015/06/786.jpg
787;http://www.stayfab.dk/wp-content/uploads/2015/06/787.jpg
788;http://www.stayfab.dk/wp-content/uploads/2015/06/788.jpg
789;http://www.stayfab.dk/wp-content/uploads/2015/06/789.jpg
790;http://www.stayfab.dk/wp-content/uploads/2015/06/790.jpg
792;http://www.stayfab.dk/wp-content/uploads/2015/06/792.jpg
802;http://www.stayfab.dk/wp-content/uploads/2015/06/802.jpg
805;http://www.stayfab.dk/wp-content/uploads/2015/06/805.jpg
812;http://www.stayfab.dk/wp-content/uploads/2015/06/812.jpg
813;http://www.stayfab.dk/wp-content/uploads/2015/06/813.jpg
815;http://www.stayfab.dk/wp-content/uploads/2015/06/815.jpg
816;http://www.stayfab.dk/wp-content/uploads/2015/06/816.jpg
823;http://www.stayfab.dk/wp-content/uploads/2015/06/823.jpg
824;http://www.stayfab.dk/wp-content/uploads/2015/06/824.jpg
829;http://www.stayfab.dk/wp-content/uploads/2015/06/829.jpg
838;http://www.stayfab.dk/wp-content/uploads/2015/06/838.jpg
848;http://www.stayfab.dk/wp-content/uploads/2015/06/848.jpg
862;http://www.stayfab.dk/wp-content/uploads/2015/06/862.jpg
863;http://www.stayfab.dk/wp-content/uploads/2015/06/863.jpg
873;http://www.stayfab.dk/wp-content/uploads/2015/06/873.jpg
874;http://www.stayfab.dk/wp-content/uploads/2015/06/874.jpg
896;http://www.stayfab.dk/wp-content/uploads/2015/06/896.jpg
905;http://www.stayfab.dk/wp-content/uploads/2015/06/905.jpg
912;http://www.stayfab.dk/wp-content/uploads/2015/06/912.jpg
915;http://www.stayfab.dk/wp-content/uploads/2015/06/915.jpg
925;http://www.stayfab.dk/wp-content/uploads/2015/06/925.jpg
949;http://www.stayfab.dk/wp-content/uploads/2015/06/949.jpg
973;http://www.stayfab.dk/wp-content/uploads/2015/06/973.jpg
974;http://www.stayfab.dk/wp-content/uploads/2015/06/974.jpg
975;http://www.stayfab.dk/wp-content/uploads/2015/06/975.jpg
976;http://www.stayfab.dk/wp-content/uploads/2015/06/976.jpg
977;http://www.stayfab.dk/wp-content/uploads/2015/06/977.jpg
978;http://www.stayfab.dk/wp-content/uploads/2015/06/978.jpg
979;http://www.stayfab.dk/wp-content/uploads/2015/06/979.jpg
980;http://www.stayfab.dk/wp-content/uploads/2015/06/980.jpg
981;http://www.stayfab.dk/wp-content/uploads/2015/06/981.jpg
982;http://www.stayfab.dk/wp-content/uploads/2015/06/982.jpg
984;http://www.stayfab.dk/wp-content/uploads/2015/06/984.jpg
985;http://www.stayfab.dk/wp-content/uploads/2015/06/985.jpg
986;http://www.stayfab.dk/wp-content/uploads/2015/06/986.jpg
987;http://www.stayfab.dk/wp-content/uploads/2015/06/987.jpg
988;http://www.stayfab.dk/wp-content/uploads/2015/06/988.jpg
989;http://www.stayfab.dk/wp-content/uploads/2015/06/989.jpg
990;http://www.stayfab.dk/wp-content/uploads/2015/06/990.jpg
991;http://www.stayfab.dk/wp-content/uploads/2015/06/991.jpg
992;http://www.stayfab.dk/wp-content/uploads/2015/06/992.jpg
993;http://www.stayfab.dk/wp-content/uploads/2015/06/993.jpg
994;http://www.stayfab.dk/wp-content/uploads/2015/06/994.jpg
995;http://www.stayfab.dk/wp-content/uploads/2015/06/995.jpg
996;http://www.stayfab.dk/wp-content/uploads/2015/06/996.jpg
997;http://www.stayfab.dk/wp-content/uploads/2015/06/997.jpg
998;http://www.stayfab.dk/wp-content/uploads/2015/06/998.jpg
999;http://www.stayfab.dk/wp-content/uploads/2015/06/999.jpg
748;http://www.stayfab.dk/wp-content/uploads/2015/06/748.jpg
749;http://www.stayfab.dk/wp-content/uploads/2015/06/749.jpg
750;http://www.stayfab.dk/wp-content/uploads/2015/06/750.jpg
751;http://www.stayfab.dk/wp-content/uploads/2015/06/751.jpg
752;http://www.stayfab.dk/wp-content/uploads/2015/06/752.jpg
756;http://www.stayfab.dk/wp-content/uploads/2015/06/756.jpg
757;http://www.stayfab.dk/wp-content/uploads/2015/06/757.jpg
758;http://www.stayfab.dk/wp-content/uploads/2015/06/758.jpg
759;http://www.stayfab.dk/wp-content/uploads/2015/06/759.jpg
760;http://www.stayfab.dk/wp-content/uploads/2015/06/760.jpg
761;http://www.stayfab.dk/wp-content/uploads/2015/06/761.jpg
764;http://www.stayfab.dk/wp-content/uploads/2015/06/764.jpg
767;http://www.stayfab.dk/wp-content/uploads/2015/06/767.jpg
769;http://www.stayfab.dk/wp-content/uploads/2015/06/769.jpg
771;http://www.stayfab.dk/wp-content/uploads/2015/06/771.jpg
772;http://www.stayfab.dk/wp-content/uploads/2015/06/772.jpg
773;http://www.stayfab.dk/wp-content/uploads/2015/06/773.jpg
776;http://www.stayfab.dk/wp-content/uploads/2015/06/776.jpg
777;http://www.stayfab.dk/wp-content/uploads/2015/06/777.jpg
779;http://www.stayfab.dk/wp-content/uploads/2015/06/779.jpg
780;http://www.stayfab.dk/wp-content/uploads/2015/06/780.jpg
781;http://www.stayfab.dk/wp-content/uploads/2015/06/781.jpg
782;http://www.stayfab.dk/wp-content/uploads/2015/06/782.jpg
784;http://www.stayfab.dk/wp-content/uploads/2015/06/784.jpg
791;http://www.stayfab.dk/wp-content/uploads/2015/06/791.jpg
793;http://www.stayfab.dk/wp-content/uploads/2015/06/793.jpg
794;http://www.stayfab.dk/wp-content/uploads/2015/06/794.jpg
795;http://www.stayfab.dk/wp-content/uploads/2015/06/795.jpg
796;http://www.stayfab.dk/wp-content/uploads/2015/06/796.jpg
797;http://www.stayfab.dk/wp-content/uploads/2015/06/797.png
798;http://www.stayfab.dk/wp-content/uploads/2015/06/798.png
799;http://www.stayfab.dk/wp-content/uploads/2015/06/799.png
800;http://www.stayfab.dk/wp-content/uploads/2015/06/800.jpg
801;http://www.stayfab.dk/wp-content/uploads/2015/06/801.png
803;http://www.stayfab.dk/wp-content/uploads/2015/06/803.jpg
804;http://www.stayfab.dk/wp-content/uploads/2015/06/804.png
806;http://www.stayfab.dk/wp-content/uploads/2015/06/806.png
807;http://www.stayfab.dk/wp-content/uploads/2015/06/807.png
808;http://www.stayfab.dk/wp-content/uploads/2015/06/808.jpg
809;http://www.stayfab.dk/wp-content/uploads/2015/06/809.jpg
810;http://www.stayfab.dk/wp-content/uploads/2015/06/810.jpg
811;http://www.stayfab.dk/wp-content/uploads/2015/06/811.jpg
814;http://www.stayfab.dk/wp-content/uploads/2015/06/814.png
817;http://www.stayfab.dk/wp-content/uploads/2015/06/817.jpg
818;http://www.stayfab.dk/wp-content/uploads/2015/06/818.jpg
820;http://www.stayfab.dk/wp-content/uploads/2015/06/820.png
821;http://www.stayfab.dk/wp-content/uploads/2015/06/821.jpg
822;http://www.stayfab.dk/wp-content/uploads/2015/06/822.jpg
826;http://www.stayfab.dk/wp-content/uploads/2015/06/826.jpg
827;http://www.stayfab.dk/wp-content/uploads/2015/06/827.jpg
828;http://www.stayfab.dk/wp-content/uploads/2015/06/828.jpg
830;http://www.stayfab.dk/wp-content/uploads/2015/06/830.jpg
831;http://www.stayfab.dk/wp-content/uploads/2015/06/831.jpg
832;http://www.stayfab.dk/wp-content/uploads/2015/06/832.jpg
833;http://www.stayfab.dk/wp-content/uploads/2015/06/833.jpg
834;http://www.stayfab.dk/wp-content/uploads/2015/06/834.jpg
835;http://www.stayfab.dk/wp-content/uploads/2015/06/835.jpg
837;http://www.stayfab.dk/wp-content/uploads/2015/06/837.jpg
839;http://www.stayfab.dk/wp-content/uploads/2015/06/839.jpg
841;http://www.stayfab.dk/wp-content/uploads/2015/06/841.jpg
842;http://www.stayfab.dk/wp-content/uploads/2015/06/842.jpg
843;http://www.stayfab.dk/wp-content/uploads/2015/06/843.png
844;http://www.stayfab.dk/wp-content/uploads/2015/06/844.jpg
845;http://www.stayfab.dk/wp-content/uploads/2015/06/845.jpg
846;http://www.stayfab.dk/wp-content/uploads/2015/06/846.jpg
847;http://www.stayfab.dk/wp-content/uploads/2015/06/847.jpg
849;http://www.stayfab.dk/wp-content/uploads/2015/06/849.jpg
850;http://www.stayfab.dk/wp-content/uploads/2015/06/850.jpg
851;http://www.stayfab.dk/wp-content/uploads/2015/06/851.jpg
854;http://www.stayfab.dk/wp-content/uploads/2015/06/854.jpg
855;http://www.stayfab.dk/wp-content/uploads/2015/06/855.jpg
856;http://www.stayfab.dk/wp-content/uploads/2015/06/856.jpg
857;http://www.stayfab.dk/wp-content/uploads/2015/06/857.jpg
858;http://www.stayfab.dk/wp-content/uploads/2015/06/858.jpg
859;http://www.stayfab.dk/wp-content/uploads/2015/06/859.jpg
860;http://www.stayfab.dk/wp-content/uploads/2015/06/860.jpg
861;http://www.stayfab.dk/wp-content/uploads/2015/06/861.jpg
864;http://www.stayfab.dk/wp-content/uploads/2015/06/864.jpg
865;http://www.stayfab.dk/wp-content/uploads/2015/06/865.jpg
866;http://www.stayfab.dk/wp-content/uploads/2015/06/865.jpg
867;http://www.stayfab.dk/wp-content/uploads/2015/06/867.jpg
868;http://www.stayfab.dk/wp-content/uploads/2015/06/868.png
869;http://www.stayfab.dk/wp-content/uploads/2015/06/869.jpg
870;http://www.stayfab.dk/wp-content/uploads/2015/06/870.jpg
871;http://www.stayfab.dk/wp-content/uploads/2015/06/871.png
872;http://www.stayfab.dk/wp-content/uploads/2015/06/872.jpg
875;http://www.stayfab.dk/wp-content/uploads/2015/06/875.jpg
876;http://www.stayfab.dk/wp-content/uploads/2015/06/876.jpg
877;http://www.stayfab.dk/wp-content/uploads/2015/06/877.jpg
878;http://www.stayfab.dk/wp-content/uploads/2015/06/878.jpg
879;http://www.stayfab.dk/wp-content/uploads/2015/06/879.png
880;http://www.stayfab.dk/wp-content/uploads/2015/06/880.png
881;http://www.stayfab.dk/wp-content/uploads/2015/06/881.jpg
882;http://www.stayfab.dk/wp-content/uploads/2015/06/882.jpg
883;http://www.stayfab.dk/wp-content/uploads/2015/06/883.jpg
884;http://www.stayfab.dk/wp-content/uploads/2015/06/884.jpg
885;http://www.stayfab.dk/wp-content/uploads/2015/06/885.jpg
886;http://www.stayfab.dk/wp-content/uploads/2015/06/886.png
887;http://www.stayfab.dk/wp-content/uploads/2015/06/887.jpg
888;http://www.stayfab.dk/wp-content/uploads/2015/06/888.jpg
889;http://www.stayfab.dk/wp-content/uploads/2015/06/889.jpg
891;http://www.stayfab.dk/wp-content/uploads/2015/06/891.jpg
892;http://www.stayfab.dk/wp-content/uploads/2015/06/892.jpg
893;http://www.stayfab.dk/wp-content/uploads/2015/06/893.png
894;http://www.stayfab.dk/wp-content/uploads/2015/06/894.png
895;http://www.stayfab.dk/wp-content/uploads/2015/06/895.jpg
897;http://www.stayfab.dk/wp-content/uploads/2015/06/897.jpg
898;http://www.stayfab.dk/wp-content/uploads/2015/06/898.jpg
899;http://www.stayfab.dk/wp-content/uploads/2015/06/899.png
900;http://www.stayfab.dk/wp-content/uploads/2015/06/900.jpg
901;http://www.stayfab.dk/wp-content/uploads/2015/06/901.png
902;http://www.stayfab.dk/wp-content/uploads/2015/06/902.png
903;http://www.stayfab.dk/wp-content/uploads/2015/06/903.png
904;http://www.stayfab.dk/wp-content/uploads/2015/06/904.jpg
906;http://www.stayfab.dk/wp-content/uploads/2015/06/906.png
907;http://www.stayfab.dk/wp-content/uploads/2015/06/907.png
908;http://www.stayfab.dk/wp-content/uploads/2015/06/908.png
909;http://www.stayfab.dk/wp-content/uploads/2015/06/909.jpg
913;http://www.stayfab.dk/wp-content/uploads/2015/06/913.jpg
914;http://www.stayfab.dk/wp-content/uploads/2015/06/913.jpg
916;http://www.stayfab.dk/wp-content/uploads/2015/06/916.jpg
917;http://www.stayfab.dk/wp-content/uploads/2015/06/917.png
918;http://www.stayfab.dk/wp-content/uploads/2015/06/917.png
919;http://www.stayfab.dk/wp-content/uploads/2015/06/919.jpg
920;http://www.stayfab.dk/wp-content/uploads/2015/06/920.png
921;http://www.stayfab.dk/wp-content/uploads/2015/06/921.jpg
922;http://www.stayfab.dk/wp-content/uploads/2015/06/922.png
923;http://www.stayfab.dk/wp-content/uploads/2015/06/923.png
924;http://www.stayfab.dk/wp-content/uploads/2015/06/924.jpg
927;http://www.stayfab.dk/wp-content/uploads/2015/06/927.jpg
928;http://www.stayfab.dk/wp-content/uploads/2015/06/928.png
929;http://www.stayfab.dk/wp-content/uploads/2015/06/929.jpg
930;http://www.stayfab.dk/wp-content/uploads/2015/06/929.jpg
931;http://www.stayfab.dk/wp-content/uploads/2015/06/931.jpg
932;http://www.stayfab.dk/wp-content/uploads/2015/06/932.png
933;http://www.stayfab.dk/wp-content/uploads/2015/06/932.png
934;http://www.stayfab.dk/wp-content/uploads/2015/06/934.jpg
935;http://www.stayfab.dk/wp-content/uploads/2015/06/935.jpg
936;http://www.stayfab.dk/wp-content/uploads/2015/06/936.jpg
937;http://www.stayfab.dk/wp-content/uploads/2015/06/937.jpg
938;http://www.stayfab.dk/wp-content/uploads/2015/06/938.jpg
939;http://www.stayfab.dk/wp-content/uploads/2015/06/938.jpg
940;http://www.stayfab.dk/wp-content/uploads/2015/06/940.jpg
941;http://www.stayfab.dk/wp-content/uploads/2015/06/941.jpg
942;http://www.stayfab.dk/wp-content/uploads/2015/06/942.png
943;http://www.stayfab.dk/wp-content/uploads/2015/06/943.png
944;http://www.stayfab.dk/wp-content/uploads/2015/06/944.png
945;http://www.stayfab.dk/wp-content/uploads/2015/06/945.jpg
946;http://www.stayfab.dk/wp-content/uploads/2015/06/946.jpg
947;http://www.stayfab.dk/wp-content/uploads/2015/06/947.jpg
948;http://www.stayfab.dk/wp-content/uploads/2015/06/948.jpg
950;http://www.stayfab.dk/wp-content/uploads/2015/06/950.jpg
951;http://www.stayfab.dk/wp-content/uploads/2015/06/951.jpg
952;http://www.stayfab.dk/wp-content/uploads/2015/06/952.jpg
953;http://www.stayfab.dk/wp-content/uploads/2015/06/953.jpg
954;http://www.stayfab.dk/wp-content/uploads/2015/06/954.jpg
955;http://www.stayfab.dk/wp-content/uploads/2015/06/955.jpg
956;http://www.stayfab.dk/wp-content/uploads/2015/06/956.jpg
958;http://www.stayfab.dk/wp-content/uploads/2015/06/958.jpg
960;http://www.stayfab.dk/wp-content/uploads/2015/06/960.jpg
961;http://www.stayfab.dk/wp-content/uploads/2015/06/961.jpg
962;http://www.stayfab.dk/wp-content/uploads/2015/06/962.jpg
963;http://www.stayfab.dk/wp-content/uploads/2015/06/963.jpg
964;http://www.stayfab.dk/wp-content/uploads/2015/06/964.jpg
965;http://www.stayfab.dk/wp-content/uploads/2015/06/965.jpg
966;http://www.stayfab.dk/wp-content/uploads/2015/06/966.png
967;http://www.stayfab.dk/wp-content/uploads/2015/06/967.png
968;http://www.stayfab.dk/wp-content/uploads/2015/06/968.png
969;http://www.stayfab.dk/wp-content/uploads/2015/06/969.jpg
970;http://www.stayfab.dk/wp-content/uploads/2015/06/970.jpg
971;http://www.stayfab.dk/wp-content/uploads/2015/06/971.jpg
972;http://www.stayfab.dk/wp-content/uploads/2015/06/972.jpg
1030;http://www.stayfab.dk/wp-content/uploads/2015/06/1030.png
1031;http://www.stayfab.dk/wp-content/uploads/2015/06/1031.png
1032;http://www.stayfab.dk/wp-content/uploads/2015/06/1032.png
1033;http://www.stayfab.dk/wp-content/uploads/2015/06/1033.png
1034;http://www.stayfab.dk/wp-content/uploads/2015/06/1034.png
1035;http://www.stayfab.dk/wp-content/uploads/2015/06/1035.png
1036;http://www.stayfab.dk/wp-content/uploads/2015/06/1036.png
1037;http://www.stayfab.dk/wp-content/uploads/2015/06/1037.jpg
1038;http://www.stayfab.dk/wp-content/uploads/2015/06/1038.png
1039;http://www.stayfab.dk/wp-content/uploads/2015/06/1039.jpg
1041;http://www.stayfab.dk/wp-content/uploads/2015/06/1041.png
1042;http://www.stayfab.dk/wp-content/uploads/2015/06/1042.png
1043;http://www.stayfab.dk/wp-content/uploads/2015/06/1043.png
1044;http://www.stayfab.dk/wp-content/uploads/2015/06/1044.png
1045;http://www.stayfab.dk/wp-content/uploads/2015/06/1045.png
1048;http://www.stayfab.dk/wp-content/uploads/2015/06/1048.png
1049;http://www.stayfab.dk/wp-content/uploads/2015/06/1049.png
1050;http://www.stayfab.dk/wp-content/uploads/2015/06/1050.png
1051;http://www.stayfab.dk/wp-content/uploads/2015/06/1051.png
1052;http://www.stayfab.dk/wp-content/uploads/2015/06/1052.png
1053;http://www.stayfab.dk/wp-content/uploads/2015/06/1053.png
1054;http://www.stayfab.dk/wp-content/uploads/2015/06/1054.png
1056;http://www.stayfab.dk/wp-content/uploads/2015/06/1056.png
1057;http://www.stayfab.dk/wp-content/uploads/2015/06/1057.png
1058;http://www.stayfab.dk/wp-content/uploads/2015/06/1058.jpg
1059;http://www.stayfab.dk/wp-content/uploads/2015/06/1059.png
1061;http://www.stayfab.dk/wp-content/uploads/2015/06/1061.png
1062;http://www.stayfab.dk/wp-content/uploads/2015/06/1062.png
1063;http://www.stayfab.dk/wp-content/uploads/2015/06/1063.png
1064;http://www.stayfab.dk/wp-content/uploads/2015/06/1064.png
1065;http://www.stayfab.dk/wp-content/uploads/2015/06/1065.png
1066;http://www.stayfab.dk/wp-content/uploads/2015/06/1066.png
1067;http://www.stayfab.dk/wp-content/uploads/2015/06/1067.jpg
1068;http://www.stayfab.dk/wp-content/uploads/2015/06/1068.jpg
1069;http://www.stayfab.dk/wp-content/uploads/2015/06/1069.png
1070;http://www.stayfab.dk/wp-content/uploads/2015/06/1070.png
1071;http://www.stayfab.dk/wp-content/uploads/2015/06/1071.png
1072;http://www.stayfab.dk/wp-content/uploads/2015/06/1072.png
1073;http://www.stayfab.dk/wp-content/uploads/2015/06/1073.jpg
1074;http://www.stayfab.dk/wp-content/uploads/2015/06/1074.png
1075;http://www.stayfab.dk/wp-content/uploads/2015/06/1075.png
1076;http://www.stayfab.dk/wp-content/uploads/2015/06/1076.png
1077;http://www.stayfab.dk/wp-content/uploads/2015/06/1077.png
1078;http://www.stayfab.dk/wp-content/uploads/2015/06/1078.jpg
1079;http://www.stayfab.dk/wp-content/uploads/2015/06/1079.png
1080;http://www.stayfab.dk/wp-content/uploads/2015/06/1080.png
1081;http://www.stayfab.dk/wp-content/uploads/2015/06/1081.jpg
1082;http://www.stayfab.dk/wp-content/uploads/2015/06/1082.png
1083;http://www.stayfab.dk/wp-content/uploads/2015/06/1083.jpg
1084;http://www.stayfab.dk/wp-content/uploads/2015/06/1084.png
1085;http://www.stayfab.dk/wp-content/uploads/2015/06/1085.jpg
1086;http://www.stayfab.dk/wp-content/uploads/2015/06/1086.png
1087;http://www.stayfab.dk/wp-content/uploads/2015/06/1087.png
1088;http://www.stayfab.dk/wp-content/uploads/2015/06/1088.png
1089;http://www.stayfab.dk/wp-content/uploads/2015/06/1089.png
1090;http://www.stayfab.dk/wp-content/uploads/2015/06/1090.jpg
1091;http://www.stayfab.dk/wp-content/uploads/2015/06/1091.png
1092;http://www.stayfab.dk/wp-content/uploads/2015/06/1092.png
1093;http://www.stayfab.dk/wp-content/uploads/2015/06/1093.png
1094;http://www.stayfab.dk/wp-content/uploads/2015/06/1094.png
1095;http://www.stayfab.dk/wp-content/uploads/2015/06/1095.png
1096;http://www.stayfab.dk/wp-content/uploads/2015/06/1096.png
1097;http://www.stayfab.dk/wp-content/uploads/2015/06/1097.png
1098;http://www.stayfab.dk/wp-content/uploads/2015/06/1098.png
1099;http://www.stayfab.dk/wp-content/uploads/2015/06/1099.png
1100;http://www.stayfab.dk/wp-content/uploads/2015/06/1100.png
1101;http://www.stayfab.dk/wp-content/uploads/2015/06/1101.jpg
1102;http://www.stayfab.dk/wp-content/uploads/2015/06/1102.png
1103;http://www.stayfab.dk/wp-content/uploads/2015/06/1103.png
1104;http://www.stayfab.dk/wp-content/uploads/2015/06/1104.png
1105;http://www.stayfab.dk/wp-content/uploads/2015/06/1105.png
1106;http://www.stayfab.dk/wp-content/uploads/2015/06/1106.png
1109;http://www.stayfab.dk/wp-content/uploads/2015/06/1109.jpg
1110;http://www.stayfab.dk/wp-content/uploads/2015/06/1110.png
1111;http://www.stayfab.dk/wp-content/uploads/2015/06/1111.png
1112;http://www.stayfab.dk/wp-content/uploads/2015/06/1112.png
1114;http://www.stayfab.dk/wp-content/uploads/2015/06/1114.png
1116;http://www.stayfab.dk/wp-content/uploads/2015/06/1116.png
1117;http://www.stayfab.dk/wp-content/uploads/2015/06/1117.jpg
1118;http://www.stayfab.dk/wp-content/uploads/2015/06/1118.jpg
1119;http://www.stayfab.dk/wp-content/uploads/2015/06/1119.png
1120;http://www.stayfab.dk/wp-content/uploads/2015/06/1120.png
1121;http://www.stayfab.dk/wp-content/uploads/2015/06/1121.png
1122;http://www.stayfab.dk/wp-content/uploads/2015/06/1122.png
1123;http://www.stayfab.dk/wp-content/uploads/2015/06/1123.jpg
1124;http://www.stayfab.dk/wp-content/uploads/2015/06/1124.jpg
1125;http://www.stayfab.dk/wp-content/uploads/2015/06/1125.png
1126;http://www.stayfab.dk/wp-content/uploads/2015/06/1126.png
1127;http://www.stayfab.dk/wp-content/uploads/2015/06/1127.png
1128;http://www.stayfab.dk/wp-content/uploads/2015/06/1128.jpg
1129;http://www.stayfab.dk/wp-content/uploads/2015/06/1129.png
1130;http://www.stayfab.dk/wp-content/uploads/2015/06/1130.png
1131;http://www.stayfab.dk/wp-content/uploads/2015/06/1131.png
1132;http://www.stayfab.dk/wp-content/uploads/2015/06/1132.png
1133;http://www.stayfab.dk/wp-content/uploads/2015/06/1133.png
1134;http://www.stayfab.dk/wp-content/uploads/2015/06/1134.jpg
1135;http://www.stayfab.dk/wp-content/uploads/2015/06/1135.png
1136;http://www.stayfab.dk/wp-content/uploads/2015/06/1136.png
1137;http://www.stayfab.dk/wp-content/uploads/2015/06/1137.jpg
1138;http://www.stayfab.dk/wp-content/uploads/2015/06/1138.jpg
1139;http://www.stayfab.dk/wp-content/uploads/2015/06/1139.jpg
1140;http://www.stayfab.dk/wp-content/uploads/2015/06/1140.png
1141;http://www.stayfab.dk/wp-content/uploads/2015/06/1141.png
1142;http://www.stayfab.dk/wp-content/uploads/2015/06/1142.png
1143;http://www.stayfab.dk/wp-content/uploads/2015/06/1143.jpg
1144;http://www.stayfab.dk/wp-content/uploads/2015/06/1144.jpg
1145;http://www.stayfab.dk/wp-content/uploads/2015/06/1145.png
1146;http://www.stayfab.dk/wp-content/uploads/2015/06/1146.png
1147;http://www.stayfab.dk/wp-content/uploads/2015/06/1147.png
1205;http://www.stayfab.dk/wp-content/uploads/2015/06/1205.jpg
1206;http://www.stayfab.dk/wp-content/uploads/2015/06/1206.jpg
1207;http://www.stayfab.dk/wp-content/uploads/2015/06/1206.jpg
1208;http://www.stayfab.dk/wp-content/uploads/2015/06/1208.jpg
1209;http://www.stayfab.dk/wp-content/uploads/2015/06/1209.jpg
1210;http://www.stayfab.dk/wp-content/uploads/2015/06/1210.jpg
1211;http://www.stayfab.dk/wp-content/uploads/2015/06/1211.jpg
1212;http://www.stayfab.dk/wp-content/uploads/2015/06/1212.jpg
1213;http://www.stayfab.dk/wp-content/uploads/2015/06/1213.jpg
1214;http://www.stayfab.dk/wp-content/uploads/2015/06/1213.jpg
1215;http://www.stayfab.dk/wp-content/uploads/2015/06/1216.jpg
1216;http://www.stayfab.dk/wp-content/uploads/2015/06/1215.jpg
1217;http://www.stayfab.dk/wp-content/uploads/2015/06/1217.jpg
1218;http://www.stayfab.dk/wp-content/uploads/2015/06/1218.jpg
1219;http://www.stayfab.dk/wp-content/uploads/2015/06/1219.jpg
1220;http://www.stayfab.dk/wp-content/uploads/2015/06/1220.jpg
1221;http://www.stayfab.dk/wp-content/uploads/2015/06/1221.jpg
1222;http://www.stayfab.dk/wp-content/uploads/2015/06/1222.jpg
1223;http://www.stayfab.dk/wp-content/uploads/2015/06/1223.jpg
1224;http://www.stayfab.dk/wp-content/uploads/2015/06/1224.jpg
1225;http://www.stayfab.dk/wp-content/uploads/2015/06/1225.jpg
1226;http://www.stayfab.dk/wp-content/uploads/2015/06/1222.jpg
1228;http://www.stayfab.dk/wp-content/uploads/2015/06/1228.png
1229;http://www.stayfab.dk/wp-content/uploads/2015/06/1229.png
1230;http://www.stayfab.dk/wp-content/uploads/2015/06/1230.png
1231;http://www.stayfab.dk/wp-content/uploads/2015/06/1231.png
1232;http://www.stayfab.dk/wp-content/uploads/2015/06/1232.png
1233;http://www.stayfab.dk/wp-content/uploads/2015/06/1233.png
1234;http://www.stayfab.dk/wp-content/uploads/2015/06/1233.png
1235;http://www.stayfab.dk/wp-content/uploads/2015/06/1235.png
1236;http://www.stayfab.dk/wp-content/uploads/2015/06/1236.png
1237;http://www.stayfab.dk/wp-content/uploads/2015/06/1237.jpg
1238;http://www.stayfab.dk/wp-content/uploads/2015/06/1238.jpg
1239;http://www.stayfab.dk/wp-content/uploads/2015/06/1239.png
1240;http://www.stayfab.dk/wp-content/uploads/2015/06/1240.png
1241;http://www.stayfab.dk/wp-content/uploads/2015/06/1241.jpg
1242;http://www.stayfab.dk/wp-content/uploads/2015/06/1242.png
1243;http://www.stayfab.dk/wp-content/uploads/2015/06/1243.png
1245;http://www.stayfab.dk/wp-content/uploads/2015/06/1245.png
1246;http://www.stayfab.dk/wp-content/uploads/2015/06/1246.png
1247;http://www.stayfab.dk/wp-content/uploads/2015/06/1247.jpg
1248;http://www.stayfab.dk/wp-content/uploads/2015/06/1248.jpg
1249;http://www.stayfab.dk/wp-content/uploads/2015/06/1249.jpg
1250;http://www.stayfab.dk/wp-content/uploads/2015/06/1250.png
1252;http://www.stayfab.dk/wp-content/uploads/2015/06/1252.jpg
1253;http://www.stayfab.dk/wp-content/uploads/2015/06/1252.jpg
1254;http://www.stayfab.dk/wp-content/uploads/2015/06/1254.jpg
1255;http://www.stayfab.dk/wp-content/uploads/2015/06/1255.jpg
1256;http://www.stayfab.dk/wp-content/uploads/2015/06/1256.png
1257;http://www.stayfab.dk/wp-content/uploads/2015/06/1257.jpg
1258;http://www.stayfab.dk/wp-content/uploads/2015/06/1258.jpg
1259;http://www.stayfab.dk/wp-content/uploads/2015/06/1259.png
1260;http://www.stayfab.dk/wp-content/uploads/2015/06/1260.jpg