Decléor  Aromessence Hands & Nails Strengthening Serum (15ml);1113;1113.jpg;http://www.stayfab.dk/wp-content/uploads/2015/06/1113.jpg;http://www.stayfab.dk/wp-content/uploads/2015/06/
Alterna Bamboo Smooth Dry Oil Mist (125ml);1150;1150.jpg;http://www.stayfab.dk/wp-content/uploads/2015/06/1150.jpg;http://www.stayfab.dk/wp-content/uploads/2015/06/
Alterna Bamboo Style Form Ultra-Hold Sculpting Clay (50g);1154;1154.jpg;http://www.stayfab.dk/wp-content/uploads/2015/06/1154.jpg;http://www.stayfab.dk/wp-content/uploads/2015/06/
Alterna Caviar Bodybuilding Volume Shampoo (250ml);1155;1155.jpg;http://www.stayfab.dk/wp-content/uploads/2015/06/1155.jpg;http://www.stayfab.dk/wp-content/uploads/2015/06/
Alterna Caviar Brightening Blonde Shampoo (250ml);1156;1156.jpg;http://www.stayfab.dk/wp-content/uploads/2015/06/1156.jpg;http://www.stayfab.dk/wp-content/uploads/2015/06/
Alterna Caviar Seasilk Oil Gel (100ml);1157;1157.jpg;http://www.stayfab.dk/wp-content/uploads/2015/06/1157.jpg;http://www.stayfab.dk/wp-content/uploads/2015/06/
Alterna Ten Hair Masque (150ml);1158;1158.jpg;http://www.stayfab.dk/wp-content/uploads/2015/06/1158.jpg;http://www.stayfab.dk/wp-content/uploads/2015/06/
Alterna Bamboo Style Boho Waves Tousled Texture Spray (125ml);1159;1159.jpg;http://www.stayfab.dk/wp-content/uploads/2015/06/1159.jpg;http://www.stayfab.dk/wp-content/uploads/2015/06/
Alterna Caviar Bodybuilding Volume Conditioner (250ml);1160;1160.jpg;http://www.stayfab.dk/wp-content/uploads/2015/06/1160.jpg;http://www.stayfab.dk/wp-content/uploads/2015/06/
Alterna Caviar Overnight Hair Rescue (100ml);1161;1161.jpg;http://www.stayfab.dk/wp-content/uploads/2015/06/1161.jpg;http://www.stayfab.dk/wp-content/uploads/2015/06/
Alterna Caviar Rapid Repair Spray (100ml);1162;1162.jpg;http://www.stayfab.dk/wp-content/uploads/2015/06/1162.jpg;http://www.stayfab.dk/wp-content/uploads/2015/06/
Alterna Bamboo Shine Shampoo (250ml);1163;1163.jpg;http://www.stayfab.dk/wp-content/uploads/2015/06/1163.jpg;http://www.stayfab.dk/wp-content/uploads/2015/06/
Alterna Bamboo Smooth Anti-Breakage Spray (125ml);1164;1164.jpg;http://www.stayfab.dk/wp-content/uploads/2015/06/1164.jpg;http://www.stayfab.dk/wp-content/uploads/2015/06/
Alterna Bamboo Style Texturizing Body Boost Volume and Definition Dust;1165;1165.jpg;http://www.stayfab.dk/wp-content/uploads/2015/06/1165.jpg;http://www.stayfab.dk/wp-content/uploads/2015/06/
Alterna Caviar Replenishing Moisture Shampoo (250ml);1166;1166.jpg;http://www.stayfab.dk/wp-content/uploads/2015/06/1166.jpg;http://www.stayfab.dk/wp-content/uploads/2015/06/
Alterna Caviar 3-Minute Shine Boost (150ml);1167;1167.jpg;http://www.stayfab.dk/wp-content/uploads/2015/06/1167.jpg;http://www.stayfab.dk/wp-content/uploads/2015/06/
Alterna Ten Conditioner (200ml);1168;1168.jpg;http://www.stayfab.dk/wp-content/uploads/2015/06/1168.jpg;http://www.stayfab.dk/wp-content/uploads/2015/06/
Alterna Bamboo Smooth Shampoo (250ml);1169;1169.jpg;http://www.stayfab.dk/wp-content/uploads/2015/06/1169.jpg;http://www.stayfab.dk/wp-content/uploads/2015/06/
Alterna Bamboo Style Freestyle Flexible Control Gel (125ml);1170;1170.jpg;http://www.stayfab.dk/wp-content/uploads/2015/06/1170.jpg;http://www.stayfab.dk/wp-content/uploads/2015/06/
Alterna Bamboo Volume Conditioner (250ml);1171;1171.jpg;http://www.stayfab.dk/wp-content/uploads/2015/06/1171.jpg;http://www.stayfab.dk/wp-content/uploads/2015/06/
Alterna Bamboo Color Care Rehab Masque (150ml);1172;1172.png;http://www.stayfab.dk/wp-content/uploads/2015/06/1172.png;http://www.stayfab.dk/wp-content/uploads/2015/06/
Alterna Bamboo Shine Mist (100ml);1173;1173.jpg;http://www.stayfab.dk/wp-content/uploads/2015/06/1173.jpg;http://www.stayfab.dk/wp-content/uploads/2015/06/
Alterna Bamboo Color Care Shampoo (250ml);1174;1174.jpg;http://www.stayfab.dk/wp-content/uploads/2015/06/1174.jpg;http://www.stayfab.dk/wp-content/uploads/2015/06/
Alterna Bamboo 48-hour Volume Spray (125ml);1175;1175.jpg;http://www.stayfab.dk/wp-content/uploads/2015/06/1175.jpg;http://www.stayfab.dk/wp-content/uploads/2015/06/
Alterna Bamboo Volume Plumping Stand Expand (100ml);1176;1176.jpg;http://www.stayfab.dk/wp-content/uploads/2015/06/1176.jpg;http://www.stayfab.dk/wp-content/uploads/2015/06/
Alterna Bamboo Color Care Fluide (75ml);1177;1177.jpg;http://www.stayfab.dk/wp-content/uploads/2015/06/1177.jpg;http://www.stayfab.dk/wp-content/uploads/2015/06/
Alterna Bamboo Color Care Conditioner (250ml);1178;1178.jpg;http://www.stayfab.dk/wp-content/uploads/2015/06/1178.jpg;http://www.stayfab.dk/wp-content/uploads/2015/06/
Alterna Bamboo Style Freestyle Flexible Control Gel (125ml);1179;1179.jpg;http://www.stayfab.dk/wp-content/uploads/2015/06/1179.jpg;http://www.stayfab.dk/wp-content/uploads/2015/06/
Alterna Caviar Bodybuilding Volume Conditioner (250ml);1181;1181.jpg;http://www.stayfab.dk/wp-content/uploads/2015/06/1181.jpg;http://www.stayfab.dk/wp-content/uploads/2015/06/
Alterna Caviar Hair Masque (150ml);1182;1182.jpg;http://www.stayfab.dk/wp-content/uploads/2015/06/1182.jpg;http://www.stayfab.dk/wp-content/uploads/2015/06/
Alterna Caviar Full Body Volume Créme (75ml);1183;1183.jpg;http://www.stayfab.dk/wp-content/uploads/2015/06/1183.jpg;http://www.stayfab.dk/wp-content/uploads/2015/06/
Alterna Bamboo Shine Mist 100 ml;1184;1184.jpg;http://www.stayfab.dk/wp-content/uploads/2015/06/1184.jpg;http://www.stayfab.dk/wp-content/uploads/2015/06/
Alterna Bamboo Color Care Shampoo (250ml);1185;1185.jpg;http://www.stayfab.dk/wp-content/uploads/2015/06/1185.jpg;http://www.stayfab.dk/wp-content/uploads/2015/06/
Alterna Bamboo 48-hour Volume Spray (125ml);1186;1186.jpg;http://www.stayfab.dk/wp-content/uploads/2015/06/1186.jpg;http://www.stayfab.dk/wp-content/uploads/2015/06/
Alterna Bamboo Volume Plumping Stand Expand (100ml);1187;1187.jpg;http://www.stayfab.dk/wp-content/uploads/2015/06/1187.jpg;http://www.stayfab.dk/wp-content/uploads/2015/06/
Alterna Bamboo Color Care Fluide (75ml);1188;1188.jpg;http://www.stayfab.dk/wp-content/uploads/2015/06/1188.jpg;http://www.stayfab.dk/wp-content/uploads/2015/06/
Alterna Caviar Styling Prep (200ml);1189;1189.png;http://www.stayfab.dk/wp-content/uploads/2015/06/1189.png;http://www.stayfab.dk/wp-content/uploads/2015/06/
Alterna Bamboo Shine Cream (125ml);1190;1190.jpg;http://www.stayfab.dk/wp-content/uploads/2015/06/1190.jpg;http://www.stayfab.dk/wp-content/uploads/2015/06/
Alterna Bamboo Volume Mousse (150ml);1191;1191.jpg;http://www.stayfab.dk/wp-content/uploads/2015/06/1191.jpg;http://www.stayfab.dk/wp-content/uploads/2015/06/
Alterna Bamboo Style Super Natural Curl Shaping and Defining Cream (125ml);1192;1192.jpg;http://www.stayfab.dk/wp-content/uploads/2015/06/1192.jpg;http://www.stayfab.dk/wp-content/uploads/2015/06/
Alterna Caviar Blonde Beauty Balm (125ml);1193;1193.jpg;http://www.stayfab.dk/wp-content/uploads/2015/06/1193.jpg;http://www.stayfab.dk/wp-content/uploads/2015/06/
Alterna Bamboo Volume Conditioner (250ml);1194;1194.jpg;http://www.stayfab.dk/wp-content/uploads/2015/06/1194.jpg;http://www.stayfab.dk/wp-content/uploads/2015/06/
Alterna Bamboo Color Care Rehab Masque (150ml);1195;1195.jpg;http://www.stayfab.dk/wp-content/uploads/2015/06/1195.jpg;http://www.stayfab.dk/wp-content/uploads/2015/06/
Alterna Bamboo Shine Mist (100ml);1196;1196.jpg;http://www.stayfab.dk/wp-content/uploads/2015/06/1196.jpg;http://www.stayfab.dk/wp-content/uploads/2015/06/
Alterna Bamboo Color Care Shampoo (250ml);1197;1197.jpg;http://www.stayfab.dk/wp-content/uploads/2015/06/1197.jpg;http://www.stayfab.dk/wp-content/uploads/2015/06/
Alterna Bamboo 48-hour Volume Spray (125ml);1198;1198.jpg;http://www.stayfab.dk/wp-content/uploads/2015/06/1198.jpg;http://www.stayfab.dk/wp-content/uploads/2015/06/
Alterna Bamboo Smooth Conditioner (250ml);1199;1199.jpg;http://www.stayfab.dk/wp-content/uploads/2015/06/1199.jpg;http://www.stayfab.dk/wp-content/uploads/2015/06/
Alterna Bamboo Style Shape moldable Texturizing Paste;1200;1200.jpg;http://www.stayfab.dk/wp-content/uploads/2015/06/1200.jpg;http://www.stayfab.dk/wp-content/uploads/2015/06/
Alterna Ten Shampoo (250ml);1201;1201.jpg;http://www.stayfab.dk/wp-content/uploads/2015/06/1201.jpg;http://www.stayfab.dk/wp-content/uploads/2015/06/
Alterna Bamboo Volume Shampoo (250ml);1202;1202.jpg;http://www.stayfab.dk/wp-content/uploads/2015/06/1202.jpg;http://www.stayfab.dk/wp-content/uploads/2015/06/
Acai Anti-stress Facial Cream (25ml);1244;1244.png;http://www.stayfab.dk/wp-content/uploads/2015/06/1244.png;http://www.stayfab.dk/wp-content/uploads/2015/06/
Acai Body Balm (75ml);1251;1251.jpg;http://www.stayfab.dk/wp-content/uploads/2015/06/1251.jpg;http://www.stayfab.dk/wp-content/uploads/2015/06/
Dermalogica active moist (100ml);464;464.jpg;http://www.stayfab.dk/wp-content/uploads/2015/06/464.jpg;http://www.stayfab.dk/wp-content/uploads/2015/06/
Dermalogica active moist (50ml);465;465.jpg;http://www.stayfab.dk/wp-content/uploads/2015/06/465.jpg;http://www.stayfab.dk/wp-content/uploads/2015/06/
Dermalogica skin smoothing cream (100ml);466;466.jpg;http://www.stayfab.dk/wp-content/uploads/2015/06/466.jpg;http://www.stayfab.dk/wp-content/uploads/2015/06/
Dermalogica skin smoothing cream (50ml);467;467.jpg;http://www.stayfab.dk/wp-content/uploads/2015/06/467.jpg;http://www.stayfab.dk/wp-content/uploads/2015/06/
Dermalogica intensive moisture balance (100ml);468;468.jpg;http://www.stayfab.dk/wp-content/uploads/2015/06/468.jpg;http://www.stayfab.dk/wp-content/uploads/2015/06/
Dermalogica intensive moisture balance (50ml);469;469.jpg;http://www.stayfab.dk/wp-content/uploads/2015/06/469.jpg;http://www.stayfab.dk/wp-content/uploads/2015/06/
Dermalogica barrier repair (30ml);470;470.jpg;http://www.stayfab.dk/wp-content/uploads/2015/06/470.jpg;http://www.stayfab.dk/wp-content/uploads/2015/06/
Dermalogcia daily defense spf15 (100ml);471;471.jpg;http://www.stayfab.dk/wp-content/uploads/2015/06/471.jpg;http://www.stayfab.dk/wp-content/uploads/2015/06/
Dermalogica dynamic skin recovery spf50 (50ml);472;472.jpg;http://www.stayfab.dk/wp-content/uploads/2015/06/472.jpg;http://www.stayfab.dk/wp-content/uploads/2015/06/
Dermalogica oil control lotion (59ml);473;473.jpg;http://www.stayfab.dk/wp-content/uploads/2015/06/473.jpg;http://www.stayfab.dk/wp-content/uploads/2015/06/
Dermalogica oil free matte spf30 (50ml);474;474.png;http://www.stayfab.dk/wp-content/uploads/2015/06/474.png;http://www.stayfab.dk/wp-content/uploads/2015/06/
Dermalogica pure light spf30 (50ml);475;475.jpg;http://www.stayfab.dk/wp-content/uploads/2015/06/475.jpg;http://www.stayfab.dk/wp-content/uploads/2015/06/
Dermalogica pure night (50ml);476;476.jpg;http://www.stayfab.dk/wp-content/uploads/2015/06/476.jpg;http://www.stayfab.dk/wp-content/uploads/2015/06/
Dermalogica super rich repair (50ml);477;477.jpg;http://www.stayfab.dk/wp-content/uploads/2015/06/477.jpg;http://www.stayfab.dk/wp-content/uploads/2015/06/
Dermalogica clean bar (142g) inkl. etui;482;482.jpg;http://www.stayfab.dk/wp-content/uploads/2015/06/482.jpg;http://www.stayfab.dk/wp-content/uploads/2015/06/
Dermalogica clearing skin wash (250ml);483;483.jpg;http://www.stayfab.dk/wp-content/uploads/2015/06/483.jpg;http://www.stayfab.dk/wp-content/uploads/2015/06/
Dermalogica clearing skin wash (500ml);484;484.jpg;http://www.stayfab.dk/wp-content/uploads/2015/06/484.jpg;http://www.stayfab.dk/wp-content/uploads/2015/06/
Dermalogica dermal clay cleanser (250ml);485;485.jpg;http://www.stayfab.dk/wp-content/uploads/2015/06/485.jpg;http://www.stayfab.dk/wp-content/uploads/2015/06/
Dermalogica dermal clay cleanser (500ml);486;486.jpg;http://www.stayfab.dk/wp-content/uploads/2015/06/486.jpg;http://www.stayfab.dk/wp-content/uploads/2015/06/
Dermalogica essential cleansing solution (250ml);487;487.jpg;http://www.stayfab.dk/wp-content/uploads/2015/06/487.jpg;http://www.stayfab.dk/wp-content/uploads/2015/06/
Dermalogica essential cleansing solution (500ml);488;488.jpg;http://www.stayfab.dk/wp-content/uploads/2015/06/488.jpg;http://www.stayfab.dk/wp-content/uploads/2015/06/
Dermalogica precleanse (150ml);489;489.jpg;http://www.stayfab.dk/wp-content/uploads/2015/06/489.jpg;http://www.stayfab.dk/wp-content/uploads/2015/06/
Dermalogica precleanse wipes (20stk);490;490.png;http://www.stayfab.dk/wp-content/uploads/2015/06/490.png;http://www.stayfab.dk/wp-content/uploads/2015/06/
Dermalogica skin purifying wipes (20stk);491;491.jpg;http://www.stayfab.dk/wp-content/uploads/2015/06/491.jpg;http://www.stayfab.dk/wp-content/uploads/2015/06/
Dermalogica skin resurfacing cleanser (150ml);492;492.jpg;http://www.stayfab.dk/wp-content/uploads/2015/06/492.jpg;http://www.stayfab.dk/wp-content/uploads/2015/06/
Dermalogica special cleansing gel (250ml);493;493.jpg;http://www.stayfab.dk/wp-content/uploads/2015/06/493.jpg;http://www.stayfab.dk/wp-content/uploads/2015/06/
Dermalogica the sponge cloth;495;495.jpg;http://www.stayfab.dk/wp-content/uploads/2015/06/495.jpg;http://www.stayfab.dk/wp-content/uploads/2015/06/
Dermalogica tri-active cleanse (150ml);496;496.jpg;http://www.stayfab.dk/wp-content/uploads/2015/06/496.jpg;http://www.stayfab.dk/wp-content/uploads/2015/06/
Dermalogica ultracalming cleanser (250ml);497;497.jpg;http://www.stayfab.dk/wp-content/uploads/2015/06/497.jpg;http://www.stayfab.dk/wp-content/uploads/2015/06/
Dermalogica ultracalming cleanser (500ml);498;498.jpg;http://www.stayfab.dk/wp-content/uploads/2015/06/498.jpg;http://www.stayfab.dk/wp-content/uploads/2015/06/
dermalogica age reversal eye complex (15ml);499;499.jpg;http://www.stayfab.dk/wp-content/uploads/2015/06/499.jpg;http://www.stayfab.dk/wp-content/uploads/2015/06/
Dermalogica intensive eye repair (15ml);500;500.jpg;http://www.stayfab.dk/wp-content/uploads/2015/06/500.jpg;http://www.stayfab.dk/wp-content/uploads/2015/06/
Dermalogica multivitamin power firm (15ml);501;501.jpg;http://www.stayfab.dk/wp-content/uploads/2015/06/501.jpg;http://www.stayfab.dk/wp-content/uploads/2015/06/
Dermalogica soothing eye make-up remover (118ml);502;502.jpg;http://www.stayfab.dk/wp-content/uploads/2015/06/502.jpg;http://www.stayfab.dk/wp-content/uploads/2015/06/
Dermalogica total eye care spf15 (15ml);503;503.jpg;http://www.stayfab.dk/wp-content/uploads/2015/06/503.jpg;http://www.stayfab.dk/wp-content/uploads/2015/06/
Dermalogica ultrasmoothing eye serum (15ml);504;504.jpg;http://www.stayfab.dk/wp-content/uploads/2015/06/504.jpg;http://www.stayfab.dk/wp-content/uploads/2015/06/
Dermalogica after sun repair (100ml);505;505.jpg;http://www.stayfab.dk/wp-content/uploads/2015/06/505.jpg;http://www.stayfab.dk/wp-content/uploads/2015/06/
Dermalogica protection 50 sport SPF50 (156ml);506;506.jpg;http://www.stayfab.dk/wp-content/uploads/2015/06/506.jpg;http://www.stayfab.dk/wp-content/uploads/2015/06/
Dermalogica multivitamin power recovery masque (75ml);507;507.jpg;http://www.stayfab.dk/wp-content/uploads/2015/06/507.jpg;http://www.stayfab.dk/wp-content/uploads/2015/06/
Dermalogica sebum clearing masque (75ml);508;508.jpg;http://www.stayfab.dk/wp-content/uploads/2015/06/508.jpg;http://www.stayfab.dk/wp-content/uploads/2015/06/
Dermalogica skin hydrating masque (75ml);509;509.jpg;http://www.stayfab.dk/wp-content/uploads/2015/06/509.jpg;http://www.stayfab.dk/wp-content/uploads/2015/06/
Dermalogica skin refining masque (75ml);510;510.jpg;http://www.stayfab.dk/wp-content/uploads/2015/06/510.jpg;http://www.stayfab.dk/wp-content/uploads/2015/06/
Dermalogica close shave oil (30ml);512;512.jpg;http://www.stayfab.dk/wp-content/uploads/2015/06/512.jpg;http://www.stayfab.dk/wp-content/uploads/2015/06/
Dermalogica invigorating shave gel (180ml);514;514.jpg;http://www.stayfab.dk/wp-content/uploads/2015/06/514.jpg;http://www.stayfab.dk/wp-content/uploads/2015/06/
Dermalogica post-shave balm (50ml);515;515.jpg;http://www.stayfab.dk/wp-content/uploads/2015/06/515.jpg;http://www.stayfab.dk/wp-content/uploads/2015/06/
Dermalogica pre-shave guard (74g);516;516.jpg;http://www.stayfab.dk/wp-content/uploads/2015/06/516.jpg;http://www.stayfab.dk/wp-content/uploads/2015/06/
Murad Instant Radiance Eye Cream;518;518.jpg;http://www.stayfab.dk/wp-content/uploads/2015/06/518.jpg;http://www.stayfab.dk/wp-content/uploads/2015/06/
Murad Hydro-Dynamic Ultimate Moisture for eyes;519;519.jpg;http://www.stayfab.dk/wp-content/uploads/2015/06/519.jpg;http://www.stayfab.dk/wp-content/uploads/2015/06/
Murad Hydro-Dynamic® Ultimate Moisture;520;520.jpg;http://www.stayfab.dk/wp-content/uploads/2015/06/520.jpg;http://www.stayfab.dk/wp-content/uploads/2015/06/
Murad Perfecting Day Cream SPF 30;521;521.jpg;http://www.stayfab.dk/wp-content/uploads/2015/06/521.jpg;http://www.stayfab.dk/wp-content/uploads/2015/06/
Murad Perfecting Night Cream;522;522.jpg;http://www.stayfab.dk/wp-content/uploads/2015/06/522.jpg;http://www.stayfab.dk/wp-content/uploads/2015/06/
Murad Essential-C Day Moisture SPF 30;523;523.jpg;http://www.stayfab.dk/wp-content/uploads/2015/06/523.jpg;http://www.stayfab.dk/wp-content/uploads/2015/06/
Murad Essential-C Night Moisture;524;524.jpg;http://www.stayfab.dk/wp-content/uploads/2015/06/524.jpg;http://www.stayfab.dk/wp-content/uploads/2015/06/
Murad Essential-C Eye Cream SPF 15;525;525.jpg;http://www.stayfab.dk/wp-content/uploads/2015/06/525.jpg;http://www.stayfab.dk/wp-content/uploads/2015/06/
Murad Age-Balancing Night Cream;526;526.jpg;http://www.stayfab.dk/wp-content/uploads/2015/06/526.jpg;http://www.stayfab.dk/wp-content/uploads/2015/06/
Murad Correcting Moisturizer SPF 15;527;527.jpg;http://www.stayfab.dk/wp-content/uploads/2015/06/527.jpg;http://www.stayfab.dk/wp-content/uploads/2015/06/
Murad Sensitive Skin Soothing Serum®;528;528.jpg;http://www.stayfab.dk/wp-content/uploads/2015/06/528.jpg;http://www.stayfab.dk/wp-content/uploads/2015/06/
Murad Skin Perfecting Lotion ;529;529.jpg;http://www.stayfab.dk/wp-content/uploads/2015/06/529.jpg;http://www.stayfab.dk/wp-content/uploads/2015/06/
Murad Oil-Control Mattifier SPF 15;530;530.jpg;http://www.stayfab.dk/wp-content/uploads/2015/06/530.jpg;http://www.stayfab.dk/wp-content/uploads/2015/06/
Murad Blemish & Wrinkle Reducer;531;531.jpg;http://www.stayfab.dk/wp-content/uploads/2015/06/531.jpg;http://www.stayfab.dk/wp-content/uploads/2015/06/
Murad Anti-Aging Moisturizer SPF 20;532;532.jpg;http://www.stayfab.dk/wp-content/uploads/2015/06/532.jpg;http://www.stayfab.dk/wp-content/uploads/2015/06/
Murad Pore & Line Minizing Hydrator;533;533.jpg;http://www.stayfab.dk/wp-content/uploads/2015/06/533.jpg;http://www.stayfab.dk/wp-content/uploads/2015/06/
Murad Face Defense® SPF 15;534;534.jpg;http://www.stayfab.dk/wp-content/uploads/2015/06/534.jpg;http://www.stayfab.dk/wp-content/uploads/2015/06/
Murad Pore Reform Balancing Moisturizer Broad Spectrum SPF 15 PA;535;535.jpg;http://www.stayfab.dk/wp-content/uploads/2015/06/535.jpg;http://www.stayfab.dk/wp-content/uploads/2015/06/
Murad Razor Burn Rescue®;536;536.jpg;http://www.stayfab.dk/wp-content/uploads/2015/06/536.jpg;http://www.stayfab.dk/wp-content/uploads/2015/06/
Murad Cleansing Shave;537;537.jpg;http://www.stayfab.dk/wp-content/uploads/2015/06/537.jpg;http://www.stayfab.dk/wp-content/uploads/2015/06/
Murad Resurgence Renewing Cleansing Cream;538;538.jpg;http://www.stayfab.dk/wp-content/uploads/2015/06/538.jpg;http://www.stayfab.dk/wp-content/uploads/2015/06/
Murad Clarifying Wipes;539;539.jpg;http://www.stayfab.dk/wp-content/uploads/2015/06/539.jpg;http://www.stayfab.dk/wp-content/uploads/2015/06/
 Murad AHA/BHA Exfoliating Cleanser;540;540.jpg;http://www.stayfab.dk/wp-content/uploads/2015/06/540.jpg;http://www.stayfab.dk/wp-content/uploads/2015/06/
Murad Resurgence Renewing Cleansing Oil;542;542.jpg;http://www.stayfab.dk/wp-content/uploads/2015/06/542.jpg;http://www.stayfab.dk/wp-content/uploads/2015/06/
Murad AHA/BHA Exfoliating Cleanser 355ml;543;543.jpg;http://www.stayfab.dk/wp-content/uploads/2015/06/543.jpg;http://www.stayfab.dk/wp-content/uploads/2015/06/
Murad Essential-C Bonus Cleanser 355 ML;544;544.jpg;http://www.stayfab.dk/wp-content/uploads/2015/06/544.jpg;http://www.stayfab.dk/wp-content/uploads/2015/06/
Murad Clarifying Bonus Cleanser 355 ML;545;545.jpg;http://www.stayfab.dk/wp-content/uploads/2015/06/545.jpg;http://www.stayfab.dk/wp-content/uploads/2015/06/
Murad Resurgence Hydrating Toner;546;546.jpg;http://www.stayfab.dk/wp-content/uploads/2015/06/546.jpg;http://www.stayfab.dk/wp-content/uploads/2015/06/
Murad Essential-C Cleanse;547;547.jpg;http://www.stayfab.dk/wp-content/uploads/2015/06/547.jpg;http://www.stayfab.dk/wp-content/uploads/2015/06/
Murad Essential-C toner;548;548.jpg;http://www.stayfab.dk/wp-content/uploads/2015/06/548.jpg;http://www.stayfab.dk/wp-content/uploads/2015/06/
Murad Pore Reform Daily Cleansing Foam;549;549.jpg;http://www.stayfab.dk/wp-content/uploads/2015/06/549.jpg;http://www.stayfab.dk/wp-content/uploads/2015/06/
Murad Soothing Gel Cleanser ;550;550.jpg;http://www.stayfab.dk/wp-content/uploads/2015/06/550.jpg;http://www.stayfab.dk/wp-content/uploads/2015/06/
Murad Refreshing Cleanser ;551;551.jpg;http://www.stayfab.dk/wp-content/uploads/2015/06/551.jpg;http://www.stayfab.dk/wp-content/uploads/2015/06/
Murad AHA/BHA Exfoliating Cleanser;552;552.jpg;http://www.stayfab.dk/wp-content/uploads/2015/06/552.jpg;http://www.stayfab.dk/wp-content/uploads/2015/06/
Murad Clarifying Cleanser;553;553.jpg;http://www.stayfab.dk/wp-content/uploads/2015/06/553.jpg;http://www.stayfab.dk/wp-content/uploads/2015/06/
Murad Time Release Blemish Cleanser;554;554.jpg;http://www.stayfab.dk/wp-content/uploads/2015/06/554.jpg;http://www.stayfab.dk/wp-content/uploads/2015/06/
Murad Clarifying Toner;555;555.jpg;http://www.stayfab.dk/wp-content/uploads/2015/06/555.jpg;http://www.stayfab.dk/wp-content/uploads/2015/06/
Murad Blemish Body Wash;556;556.jpg;http://www.stayfab.dk/wp-content/uploads/2015/06/556.jpg;http://www.stayfab.dk/wp-content/uploads/2015/06/
Eve Lom Cleanser (50 ml);568;568.jpg;http://www.stayfab.dk/wp-content/uploads/2015/06/568.jpg;http://www.stayfab.dk/wp-content/uploads/2015/06/
Eve lom Cleanser (100 ML);571;571.jpg;http://www.stayfab.dk/wp-content/uploads/2015/06/571.jpg;http://www.stayfab.dk/wp-content/uploads/2015/06/
Eve Lom Cleanser (200 ML);572;572.jpg;http://www.stayfab.dk/wp-content/uploads/2015/06/572.jpg;http://www.stayfab.dk/wp-content/uploads/2015/06/
Eve Lom Morning Cleanser (125 ml);573;573.jpg;http://www.stayfab.dk/wp-content/uploads/2015/06/573.jpg;http://www.stayfab.dk/wp-content/uploads/2015/06/
 Eve Lom Intense Hydration Serum ;574;574.png;http://www.stayfab.dk/wp-content/uploads/2015/06/574.png;http://www.stayfab.dk/wp-content/uploads/2015/06/
Eve Lom Intense Firming Serum ;575;575.jpg;http://www.stayfab.dk/wp-content/uploads/2015/06/575.jpg;http://www.stayfab.dk/wp-content/uploads/2015/06/
Eve Lom Age Defying Smoothing Treatment;576;576.jpg;http://www.stayfab.dk/wp-content/uploads/2015/06/576.jpg;http://www.stayfab.dk/wp-content/uploads/2015/06/
Eve Lom Dynaspot;577;577.png;http://www.stayfab.dk/wp-content/uploads/2015/06/577.png;http://www.stayfab.dk/wp-content/uploads/2015/06/
Eve Lom Daily Protection SPF 50;578;578.jpg;http://www.stayfab.dk/wp-content/uploads/2015/06/578.jpg;http://www.stayfab.dk/wp-content/uploads/2015/06/
 Eve Lom Moisturizer SPF 15;579;579.jpg;http://www.stayfab.dk/wp-content/uploads/2015/06/579.jpg;http://www.stayfab.dk/wp-content/uploads/2015/06/
Eve Lom TLC Radiance Cream;580;580.jpg;http://www.stayfab.dk/wp-content/uploads/2015/06/580.jpg;http://www.stayfab.dk/wp-content/uploads/2015/06/
Eve Lom TLC Cream (Nat);581;581.png;http://www.stayfab.dk/wp-content/uploads/2015/06/581.png;http://www.stayfab.dk/wp-content/uploads/2015/06/
Eve Lom Day Cream;582;582.jpg;http://www.stayfab.dk/wp-content/uploads/2015/06/582.jpg;http://www.stayfab.dk/wp-content/uploads/2015/06/
Eve Lom Eye Lift 15 ml;583;583.jpg;http://www.stayfab.dk/wp-content/uploads/2015/06/583.jpg;http://www.stayfab.dk/wp-content/uploads/2015/06/
Eve Lom Eye Cream ;584;584.jpg;http://www.stayfab.dk/wp-content/uploads/2015/06/584.jpg;http://www.stayfab.dk/wp-content/uploads/2015/06/
Eve Lom Kiss Mix;585;585.png;http://www.stayfab.dk/wp-content/uploads/2015/06/585.png;http://www.stayfab.dk/wp-content/uploads/2015/06/
Eve lom Rescue Mask (50 ml);586;586.png;http://www.stayfab.dk/wp-content/uploads/2015/06/586.png;http://www.stayfab.dk/wp-content/uploads/2015/06/
Eve Lom Rescue Mask (100 ml);587;587.jpg;http://www.stayfab.dk/wp-content/uploads/2015/06/587.jpg;http://www.stayfab.dk/wp-content/uploads/2015/06/
Eve Lom Moisture Mask;588;588.png;http://www.stayfab.dk/wp-content/uploads/2015/06/588.png;http://www.stayfab.dk/wp-content/uploads/2015/06/
Eve Lom Hand cream SPF 15;590;590.png;http://www.stayfab.dk/wp-content/uploads/2015/06/590.png;http://www.stayfab.dk/wp-content/uploads/2015/06/
Eve Lom Cuticle Cream;591;591.jpg;http://www.stayfab.dk/wp-content/uploads/2015/06/591.jpg;http://www.stayfab.dk/wp-content/uploads/2015/06/
Rodial Cougar Skin Zero Gravity Booster;593;593.jpg;http://www.stayfab.dk/wp-content/uploads/2015/06/593.jpg;http://www.stayfab.dk/wp-content/uploads/2015/06/
Rodial Cougar Skin Zero Gravity Cream ;594;594.jpg;http://www.stayfab.dk/wp-content/uploads/2015/06/594.jpg;http://www.stayfab.dk/wp-content/uploads/2015/06/
Rodial Chin and Neck Lift ;595;595.jpg;http://www.stayfab.dk/wp-content/uploads/2015/06/595.jpg;http://www.stayfab.dk/wp-content/uploads/2015/06/
Rodial super Acids 3 Step At Home Peel;596;596.jpg;http://www.stayfab.dk/wp-content/uploads/2015/06/596.jpg;http://www.stayfab.dk/wp-content/uploads/2015/06/
Rodial X-treme Acid Rush Peel;597;597.jpg;http://www.stayfab.dk/wp-content/uploads/2015/06/597.jpg;http://www.stayfab.dk/wp-content/uploads/2015/06/
Rodial Super Acids X-Treme After-Party scrub;598;598.jpg;http://www.stayfab.dk/wp-content/uploads/2015/06/598.jpg;http://www.stayfab.dk/wp-content/uploads/2015/06/
Rodial X-treme Hangover Mask ;599;599.jpg;http://www.stayfab.dk/wp-content/uploads/2015/06/599.jpg;http://www.stayfab.dk/wp-content/uploads/2015/06/
Rodial Super Acids X-Treme Pore Shrink Cleansing Pads;600;600.jpg;http://www.stayfab.dk/wp-content/uploads/2015/06/600.jpg;http://www.stayfab.dk/wp-content/uploads/2015/06/
Rodial X-treme Dark Spot Sun Filter ;601;601.jpg;http://www.stayfab.dk/wp-content/uploads/2015/06/601.jpg;http://www.stayfab.dk/wp-content/uploads/2015/06/
Rodial bee venom eye;602;602.jpg;http://www.stayfab.dk/wp-content/uploads/2015/06/602.jpg;http://www.stayfab.dk/wp-content/uploads/2015/06/
Rodial Bee Venom Super Serum ;603;603.jpg;http://www.stayfab.dk/wp-content/uploads/2015/06/603.jpg;http://www.stayfab.dk/wp-content/uploads/2015/06/
Rodial bee venom moisturiser;604;604.jpg;http://www.stayfab.dk/wp-content/uploads/2015/06/604.jpg;http://www.stayfab.dk/wp-content/uploads/2015/06/
Rodial Dragon's Blood Cleansing Water;605;605.jpg;http://www.stayfab.dk/wp-content/uploads/2015/06/605.jpg;http://www.stayfab.dk/wp-content/uploads/2015/06/
Rodial Dragon's Blood Hyaluronic Toning Spritz;606;606.jpg;http://www.stayfab.dk/wp-content/uploads/2015/06/606.jpg;http://www.stayfab.dk/wp-content/uploads/2015/06/
Rodial dragon's blood hyaluronic night cream;607;607.jpg;http://www.stayfab.dk/wp-content/uploads/2015/06/607.jpg;http://www.stayfab.dk/wp-content/uploads/2015/06/
Rodial Dragon's Blood Hyaluronic Moisturiser;608;608.jpg;http://www.stayfab.dk/wp-content/uploads/2015/06/608.jpg;http://www.stayfab.dk/wp-content/uploads/2015/06/
 Rodial Dragon's Blood Eye Gel;609;609.jpg;http://www.stayfab.dk/wp-content/uploads/2015/06/609.jpg;http://www.stayfab.dk/wp-content/uploads/2015/06/
Rodial Dragon's Blood Hyaluronic Mask;611;611.jpg;http://www.stayfab.dk/wp-content/uploads/2015/06/611.jpg;http://www.stayfab.dk/wp-content/uploads/2015/06/
Rodial Stemcell Super-Food Facial Oil;612;612.jpg;http://www.stayfab.dk/wp-content/uploads/2015/06/612.jpg;http://www.stayfab.dk/wp-content/uploads/2015/06/
Rodial Stemcell Super-Food Cleanser;613;613.jpg;http://www.stayfab.dk/wp-content/uploads/2015/06/613.jpg;http://www.stayfab.dk/wp-content/uploads/2015/06/
Radial Stemcell Super-Food Day Cream SPF15;614;614.jpg;http://www.stayfab.dk/wp-content/uploads/2015/06/614.jpg;http://www.stayfab.dk/wp-content/uploads/2015/06/
Rodial Stemcell Super-Food Hand Cream;615;615.jpg;http://www.stayfab.dk/wp-content/uploads/2015/06/615.jpg;http://www.stayfab.dk/wp-content/uploads/2015/06/
Rodial Glam Balm Multi;616;616.jpg;http://www.stayfab.dk/wp-content/uploads/2015/06/616.jpg;http://www.stayfab.dk/wp-content/uploads/2015/06/
Rodial Glam Balm Lip SPF15;617;617.jpg;http://www.stayfab.dk/wp-content/uploads/2015/06/617.jpg;http://www.stayfab.dk/wp-content/uploads/2015/06/
Rodial Rodial Glamtox Cleansing Balm;618;618.jpg;http://www.stayfab.dk/wp-content/uploads/2015/06/618.jpg;http://www.stayfab.dk/wp-content/uploads/2015/06/
 Rodial Glamtox(TM) Day SPF15;619;619.jpg;http://www.stayfab.dk/wp-content/uploads/2015/06/619.jpg;http://www.stayfab.dk/wp-content/uploads/2015/06/
 Rodial Glamtox(TM) Night;620;620.jpg;http://www.stayfab.dk/wp-content/uploads/2015/06/620.jpg;http://www.stayfab.dk/wp-content/uploads/2015/06/
Rodial SPF glamtox™;621;621.jpg;http://www.stayfab.dk/wp-content/uploads/2015/06/621.jpg;http://www.stayfab.dk/wp-content/uploads/2015/06/
 Rodial Glamtoxy(TM) Snake Serum;622;622.jpg;http://www.stayfab.dk/wp-content/uploads/2015/06/622.jpg;http://www.stayfab.dk/wp-content/uploads/2015/06/
Rodial Glamoxy 15% Fruit Acid Exfoliating Pads;624;624.jpg;http://www.stayfab.dk/wp-content/uploads/2015/06/624.jpg;http://www.stayfab.dk/wp-content/uploads/2015/06/
Rodial Cougar Skin Zero Gravity Body Serum;625;625.jpg;http://www.stayfab.dk/wp-content/uploads/2015/06/625.jpg;http://www.stayfab.dk/wp-content/uploads/2015/06/
Rodial Superfit Size Zero(TM);626;626.jpg;http://www.stayfab.dk/wp-content/uploads/2015/06/626.jpg;http://www.stayfab.dk/wp-content/uploads/2015/06/
Rodial Superfit Arm Sculpt(TM);627;627.jpg;http://www.stayfab.dk/wp-content/uploads/2015/06/627.jpg;http://www.stayfab.dk/wp-content/uploads/2015/06/
Rodial Superfit Tummy Tuck;628;628.jpg;http://www.stayfab.dk/wp-content/uploads/2015/06/628.jpg;http://www.stayfab.dk/wp-content/uploads/2015/06/
Rodial Instaglam Skin Tint;631;631.jpg;http://www.stayfab.dk/wp-content/uploads/2015/06/631.jpg;http://www.stayfab.dk/wp-content/uploads/2015/06/
Rodial Instaglam Skin Tint (medium);632;632.jpg;http://www.stayfab.dk/wp-content/uploads/2015/06/632.jpg;http://www.stayfab.dk/wp-content/uploads/2015/06/
Rodial Instaglam Skin Tint (dark);633;633.jpg;http://www.stayfab.dk/wp-content/uploads/2015/06/633.jpg;http://www.stayfab.dk/wp-content/uploads/2015/06/
Rodial Instaglam Eye ;634;634.jpg;http://www.stayfab.dk/wp-content/uploads/2015/06/634.jpg;http://www.stayfab.dk/wp-content/uploads/2015/06/
Rodial Instaglam Eye (medium);635;635.jpg;http://www.stayfab.dk/wp-content/uploads/2015/06/635.jpg;http://www.stayfab.dk/wp-content/uploads/2015/06/
 Rodial glamstick (Bang);636;636.jpg;http://www.stayfab.dk/wp-content/uploads/2015/06/636.jpg;http://www.stayfab.dk/wp-content/uploads/2015/06/
Rodial glamstick (Blow);637;637.jpg;http://www.stayfab.dk/wp-content/uploads/2015/06/637.jpg;http://www.stayfab.dk/wp-content/uploads/2015/06/
Rodial glamstick (Wet);638;638.jpg;http://www.stayfab.dk/wp-content/uploads/2015/06/638.jpg;http://www.stayfab.dk/wp-content/uploads/2015/06/
Rodial glamstick (Revenge);639;639.jpg;http://www.stayfab.dk/wp-content/uploads/2015/06/639.jpg;http://www.stayfab.dk/wp-content/uploads/2015/06/
Caudalie Vinexpert Firming Serum;640;640.jpg;http://www.stayfab.dk/wp-content/uploads/2015/06/640.jpg;http://www.stayfab.dk/wp-content/uploads/2015/06/
Caudalie Vinexpert Eye and Lip Serum ;641;641.jpg;http://www.stayfab.dk/wp-content/uploads/2015/06/641.jpg;http://www.stayfab.dk/wp-content/uploads/2015/06/
Caudalie Vinexpert Broad Spectum SPF 15 Radiance Day Fluid;642;642.jpg;http://www.stayfab.dk/wp-content/uploads/2015/06/642.jpg;http://www.stayfab.dk/wp-content/uploads/2015/06/
Caudalie Vinexpert Broad Spectrum SPF 15 Radiance Day Cream;643;643.jpg;http://www.stayfab.dk/wp-content/uploads/2015/06/643.jpg;http://www.stayfab.dk/wp-content/uploads/2015/06/
Caudalie Vinaxpert Night Infusion Cream;644;644.jpg;http://www.stayfab.dk/wp-content/uploads/2015/06/644.jpg;http://www.stayfab.dk/wp-content/uploads/2015/06/
Caudalie Premier Cru The Elixir;645;645.jpg;http://www.stayfab.dk/wp-content/uploads/2015/06/645.jpg;http://www.stayfab.dk/wp-content/uploads/2015/06/
Caudalie Premier Cru Ultimate Aanti-Ageing Cream;646;646.jpg;http://www.stayfab.dk/wp-content/uploads/2015/06/646.jpg;http://www.stayfab.dk/wp-content/uploads/2015/06/
Caudalie Premier Cru Ultimate Anti-Aging Eye Cream;647;647.jpg;http://www.stayfab.dk/wp-content/uploads/2015/06/647.jpg;http://www.stayfab.dk/wp-content/uploads/2015/06/
Caudalie Premier Cru Ultimate Anti-aging Rich Cream;648;648.jpg;http://www.stayfab.dk/wp-content/uploads/2015/06/648.jpg;http://www.stayfab.dk/wp-content/uploads/2015/06/
Caudalie Polyphenol C15 Anti-Wrinkle Defence Serum;649;649.jpg;http://www.stayfab.dk/wp-content/uploads/2015/06/649.jpg;http://www.stayfab.dk/wp-content/uploads/2015/06/
Caudalie Polyhenol C15 Anti-Wrinkle Protect Fluid SPF20;650;650.png;http://www.stayfab.dk/wp-content/uploads/2015/06/650.png;http://www.stayfab.dk/wp-content/uploads/2015/06/
Caudalie Polyphenol C15 Eye And Lip Cream;651;651.jpg;http://www.stayfab.dk/wp-content/uploads/2015/06/651.jpg;http://www.stayfab.dk/wp-content/uploads/2015/06/
Caudalie Polyphenol C15 Overnight Detox Oil;652;652.jpg;http://www.stayfab.dk/wp-content/uploads/2015/06/652.jpg;http://www.stayfab.dk/wp-content/uploads/2015/06/
Caudalie Vinosource S.O.S Thist Quenching Serum;653;653.jpg;http://www.stayfab.dk/wp-content/uploads/2015/06/653.jpg;http://www.stayfab.dk/wp-content/uploads/2015/06/
Caudalie Vinosource S.O.S Morning Eye Rescue;654;654.png;http://www.stayfab.dk/wp-content/uploads/2015/06/654.png;http://www.stayfab.dk/wp-content/uploads/2015/06/
Caudalie Vinosource Moisturizing Matifying Fluid;655;655.png;http://www.stayfab.dk/wp-content/uploads/2015/06/655.png;http://www.stayfab.dk/wp-content/uploads/2015/06/
Caudalie Vinosource Moisturizing Sorbet;656;656.jpg;http://www.stayfab.dk/wp-content/uploads/2015/06/656.jpg;http://www.stayfab.dk/wp-content/uploads/2015/06/
Caudalie Vinosource Moisture Recovery Cream;657;657.png;http://www.stayfab.dk/wp-content/uploads/2015/06/657.png;http://www.stayfab.dk/wp-content/uploads/2015/06/
Caudalie Vinosource Intense Moiusture Rescue Cream;658;658.png;http://www.stayfab.dk/wp-content/uploads/2015/06/658.png;http://www.stayfab.dk/wp-content/uploads/2015/06/
Caudalie Vinosource Overnight Recovery oil;659;659.jpg;http://www.stayfab.dk/wp-content/uploads/2015/06/659.jpg;http://www.stayfab.dk/wp-content/uploads/2015/06/
Caudalie Gentle Buffing Cream;660;660.jpg;http://www.stayfab.dk/wp-content/uploads/2015/06/660.jpg;http://www.stayfab.dk/wp-content/uploads/2015/06/
Caudalie Deep Cleansing Exfoliator;661;661.png;http://www.stayfab.dk/wp-content/uploads/2015/06/661.png;http://www.stayfab.dk/wp-content/uploads/2015/06/
Caudalie Gentle Cleasing milk;662;662.jpg;http://www.stayfab.dk/wp-content/uploads/2015/06/662.jpg;http://www.stayfab.dk/wp-content/uploads/2015/06/
Caudalie Make-Up Remover Cleansing Water;663;663.jpg;http://www.stayfab.dk/wp-content/uploads/2015/06/663.jpg;http://www.stayfab.dk/wp-content/uploads/2015/06/
Caudalie Fleur De Vigne Instant Foaming Cleanser;664;664.jpg;http://www.stayfab.dk/wp-content/uploads/2015/06/664.jpg;http://www.stayfab.dk/wp-content/uploads/2015/06/
Caudalie Grape Water;665;665.png;http://www.stayfab.dk/wp-content/uploads/2015/06/665.png;http://www.stayfab.dk/wp-content/uploads/2015/06/
Caudalie Moisturizing Toner;666;666.png;http://www.stayfab.dk/wp-content/uploads/2015/06/666.png;http://www.stayfab.dk/wp-content/uploads/2015/06/
Caudalie Beauty Elixir (100 ML);667;667.png;http://www.stayfab.dk/wp-content/uploads/2015/06/667.png;http://www.stayfab.dk/wp-content/uploads/2015/06/
Caudalie Premiéres Vendanges Moisturizing Cream ;668;668.jpg;http://www.stayfab.dk/wp-content/uploads/2015/06/668.jpg;http://www.stayfab.dk/wp-content/uploads/2015/06/
Caudalie Maxi Cleansing Water;669;669.jpg;http://www.stayfab.dk/wp-content/uploads/2015/06/669.jpg;http://www.stayfab.dk/wp-content/uploads/2015/06/
Caudalie Maxi Cleansing Milk;670;670.jpg;http://www.stayfab.dk/wp-content/uploads/2015/06/670.jpg;http://www.stayfab.dk/wp-content/uploads/2015/06/
Caudalie Beauty Elixir (100 ML);671;671.jpg;http://www.stayfab.dk/wp-content/uploads/2015/06/671.jpg;http://www.stayfab.dk/wp-content/uploads/2015/06/
Caudalie Maxi Moisturizing Toning Lotion;672;672.jpg;http://www.stayfab.dk/wp-content/uploads/2015/06/672.jpg;http://www.stayfab.dk/wp-content/uploads/2015/06/
Caudalie Vinoperfect Radiance Revealing Mask;673;673.jpg;http://www.stayfab.dk/wp-content/uploads/2015/06/673.jpg;http://www.stayfab.dk/wp-content/uploads/2015/06/
Caudalie Vinoperfect Radiance Serum Complexion Correction ;674;674.jpg;http://www.stayfab.dk/wp-content/uploads/2015/06/674.jpg;http://www.stayfab.dk/wp-content/uploads/2015/06/
Caudalie Vinoperfect Day Perfecting cream SPF 15;675;675.jpg;http://www.stayfab.dk/wp-content/uploads/2015/06/675.jpg;http://www.stayfab.dk/wp-content/uploads/2015/06/
Caudalie Vinoperfect Cell Renewal Night Cream;676;676.jpg;http://www.stayfab.dk/wp-content/uploads/2015/06/676.jpg;http://www.stayfab.dk/wp-content/uploads/2015/06/
Caudalie Anti-Aging Face Suncare SPF30 High UVB Protetion;677;677.jpg;http://www.stayfab.dk/wp-content/uploads/2015/06/677.jpg;http://www.stayfab.dk/wp-content/uploads/2015/06/
Caudalie Parfum Divin De Caudalie ;678;678.jpg;http://www.stayfab.dk/wp-content/uploads/2015/06/678.jpg;http://www.stayfab.dk/wp-content/uploads/2015/06/
Caudalie Divine Scrub;679;679.jpg;http://www.stayfab.dk/wp-content/uploads/2015/06/679.jpg;http://www.stayfab.dk/wp-content/uploads/2015/06/
Caudaile Divine Enhancing Dry Oil (100 ML);680;680.jpg;http://www.stayfab.dk/wp-content/uploads/2015/06/680.jpg;http://www.stayfab.dk/wp-content/uploads/2015/06/
Caudalie Divine Enhancing Dry Oil (50 ML);681;681.jpg;http://www.stayfab.dk/wp-content/uploads/2015/06/681.jpg;http://www.stayfab.dk/wp-content/uploads/2015/06/
Caudalie Divine Legs;682;682.jpg;http://www.stayfab.dk/wp-content/uploads/2015/06/682.jpg;http://www.stayfab.dk/wp-content/uploads/2015/06/
Caudalie Crushed Cabernet Scrub;683;683.jpg;http://www.stayfab.dk/wp-content/uploads/2015/06/683.jpg;http://www.stayfab.dk/wp-content/uploads/2015/06/
Caudalie Nourishing Body Lotion;684;684.jpg;http://www.stayfab.dk/wp-content/uploads/2015/06/684.jpg;http://www.stayfab.dk/wp-content/uploads/2015/06/
Caudalie Vine Body Butter;685;685.jpg;http://www.stayfab.dk/wp-content/uploads/2015/06/685.jpg;http://www.stayfab.dk/wp-content/uploads/2015/06/
Caudalie Hand And Nail Cream;686;686.jpg;http://www.stayfab.dk/wp-content/uploads/2015/06/686.jpg;http://www.stayfab.dk/wp-content/uploads/2015/06/
Caudalie Fresh Energizing Fragrance, Figue De Vigne;687;687.jpg;http://www.stayfab.dk/wp-content/uploads/2015/06/687.jpg;http://www.stayfab.dk/wp-content/uploads/2015/06/
Caudaile Fresh Energizing Fragrance, Fleur De Vigne;688;688.jpg;http://www.stayfab.dk/wp-content/uploads/2015/06/688.jpg;http://www.stayfab.dk/wp-content/uploads/2015/06/
Caudalie Fresh Energizing Fragrance, Zeste De Vigne;690;690.jpg;http://www.stayfab.dk/wp-content/uploads/2015/06/690.jpg;http://www.stayfab.dk/wp-content/uploads/2015/06/
Caudalie Fresh Engerizing Fragrance, Thè Des Vignes;691;691.jpg;http://www.stayfab.dk/wp-content/uploads/2015/06/691.jpg;http://www.stayfab.dk/wp-content/uploads/2015/06/
OSKIA Super 16 Serum;692;692.jpg;http://www.stayfab.dk/wp-content/uploads/2015/06/692.jpg;http://www.stayfab.dk/wp-content/uploads/2015/06/
OSKIA Restoration Oil;693;693.jpg;http://www.stayfab.dk/wp-content/uploads/2015/06/693.jpg;http://www.stayfab.dk/wp-content/uploads/2015/06/
OSKIA Renaissance Cleansing Gel (100 ml);694;694.jpg;http://www.stayfab.dk/wp-content/uploads/2015/06/694.jpg;http://www.stayfab.dk/wp-content/uploads/2015/06/
OSKIA Perfect Cleanser (125 ml);695;695.jpg;http://www.stayfab.dk/wp-content/uploads/2015/06/695.jpg;http://www.stayfab.dk/wp-content/uploads/2015/06/
OSKIA Micro Exfoliating Balm;697;697.jpg;http://www.stayfab.dk/wp-content/uploads/2015/06/697.jpg;http://www.stayfab.dk/wp-content/uploads/2015/06/
OSKIA Nutri Active Day Cream;698;698.jpg;http://www.stayfab.dk/wp-content/uploads/2015/06/698.jpg;http://www.stayfab.dk/wp-content/uploads/2015/06/
OSKIA Bed Time Beauty Boost;700;700.jpg;http://www.stayfab.dk/wp-content/uploads/2015/06/700.jpg;http://www.stayfab.dk/wp-content/uploads/2015/06/
OSKIA Get Up And Glow;701;701.jpg;http://www.stayfab.dk/wp-content/uploads/2015/06/701.jpg;http://www.stayfab.dk/wp-content/uploads/2015/06/
OSKIA Eye Wonder;702;702.jpg;http://www.stayfab.dk/wp-content/uploads/2015/06/702.jpg;http://www.stayfab.dk/wp-content/uploads/2015/06/
OSKIA Renaissance Mask;703;703.jpg;http://www.stayfab.dk/wp-content/uploads/2015/06/703.jpg;http://www.stayfab.dk/wp-content/uploads/2015/06/
OSKIA Renaissance Hand Cream;704;704.jpg;http://www.stayfab.dk/wp-content/uploads/2015/06/704.jpg;http://www.stayfab.dk/wp-content/uploads/2015/06/
Sachajuan Scalp Treatment;705;705.jpg;http://www.stayfab.dk/wp-content/uploads/2015/06/705.jpg;http://www.stayfab.dk/wp-content/uploads/2015/06/
Sachajuan Hair Control Treatment;706;706.jpg;http://www.stayfab.dk/wp-content/uploads/2015/06/706.jpg;http://www.stayfab.dk/wp-content/uploads/2015/06/
Sachajuan Silver Shampoo;707;707.jpg;http://www.stayfab.dk/wp-content/uploads/2015/06/707.jpg;http://www.stayfab.dk/wp-content/uploads/2015/06/
Sachajuan Silver Conditioner;708;708.jpg;http://www.stayfab.dk/wp-content/uploads/2015/06/708.jpg;http://www.stayfab.dk/wp-content/uploads/2015/06/
Sachajuan Shampoo Intensive Repair;709;709.jpg;http://www.stayfab.dk/wp-content/uploads/2015/06/709.jpg;http://www.stayfab.dk/wp-content/uploads/2015/06/
 Sachajuan Conditioner Intensive Repair ;710;710.jpg;http://www.stayfab.dk/wp-content/uploads/2015/06/710.jpg;http://www.stayfab.dk/wp-content/uploads/2015/06/
Sachajuan Shampoo Normal Hair;711;712.jpg;http://www.stayfab.dk/wp-content/uploads/2015/06/712.jpg;http://www.stayfab.dk/wp-content/uploads/2015/06/
 Sachajuan Conditioner Normal;712;712.jpg;http://www.stayfab.dk/wp-content/uploads/2015/06/712.jpg;http://www.stayfab.dk/wp-content/uploads/2015/06/
Sachajuan Shampoo Dry Hair;713;713.jpg;http://www.stayfab.dk/wp-content/uploads/2015/06/713.jpg;http://www.stayfab.dk/wp-content/uploads/2015/06/
 Sachajuan Conditioner Dry ;714;714.jpg;http://www.stayfab.dk/wp-content/uploads/2015/06/714.jpg;http://www.stayfab.dk/wp-content/uploads/2015/06/
 Sachajuan Shampoo Colour Save;715;715.jpg;http://www.stayfab.dk/wp-content/uploads/2015/06/715.jpg;http://www.stayfab.dk/wp-content/uploads/2015/06/
 Sachajuan Conditioner Colour Save;716;716.jpg;http://www.stayfab.dk/wp-content/uploads/2015/06/716.jpg;http://www.stayfab.dk/wp-content/uploads/2015/06/
 Sachajuan Shampoo Volume ;717;717.jpg;http://www.stayfab.dk/wp-content/uploads/2015/06/717.jpg;http://www.stayfab.dk/wp-content/uploads/2015/06/
 Sachajuan Conditioner Volume;718;718.jpg;http://www.stayfab.dk/wp-content/uploads/2015/06/718.jpg;http://www.stayfab.dk/wp-content/uploads/2015/06/
Sachajuan Shampoo Scalp;719;720.jpg;http://www.stayfab.dk/wp-content/uploads/2015/06/720.jpg;http://www.stayfab.dk/wp-content/uploads/2015/06/
 Sachajuan Leave in Conditioner;720;720.jpg;http://www.stayfab.dk/wp-content/uploads/2015/06/720.jpg;http://www.stayfab.dk/wp-content/uploads/2015/06/
Sachajuan Hair Repair;721;721.jpg;http://www.stayfab.dk/wp-content/uploads/2015/06/721.jpg;http://www.stayfab.dk/wp-content/uploads/2015/06/
Sachajuan Over Night Hair Repair ;722;722.jpg;http://www.stayfab.dk/wp-content/uploads/2015/06/722.jpg;http://www.stayfab.dk/wp-content/uploads/2015/06/
Sachajuan Protective Hair Perfume;723;723.jpg;http://www.stayfab.dk/wp-content/uploads/2015/06/723.jpg;http://www.stayfab.dk/wp-content/uploads/2015/06/
Sachajuan Styling Cream;724;724.jpg;http://www.stayfab.dk/wp-content/uploads/2015/06/724.jpg;http://www.stayfab.dk/wp-content/uploads/2015/06/
Sachajuan Volume Cream;725;725.jpg;http://www.stayfab.dk/wp-content/uploads/2015/06/725.jpg;http://www.stayfab.dk/wp-content/uploads/2015/06/
Sachajuan Volume Powde;726;726.jpg;http://www.stayfab.dk/wp-content/uploads/2015/06/726.jpg;http://www.stayfab.dk/wp-content/uploads/2015/06/
Sachajuan Dark Volume Powder;727;727.jpg;http://www.stayfab.dk/wp-content/uploads/2015/06/727.jpg;http://www.stayfab.dk/wp-content/uploads/2015/06/
Sachajuan Root Lift Strong Hold;728;728.jpg;http://www.stayfab.dk/wp-content/uploads/2015/06/728.jpg;http://www.stayfab.dk/wp-content/uploads/2015/06/
Sachajuan Ocean Mist;729;729.jpg;http://www.stayfab.dk/wp-content/uploads/2015/06/729.jpg;http://www.stayfab.dk/wp-content/uploads/2015/06/
Sachajuan Hairspray ;730;730.jpg;http://www.stayfab.dk/wp-content/uploads/2015/06/730.jpg;http://www.stayfab.dk/wp-content/uploads/2015/06/
Sachajuan Hairspray;731;730.jpg;http://www.stayfab.dk/wp-content/uploads/2015/06/730.jpg;http://www.stayfab.dk/wp-content/uploads/2015/06/
 Sachajuan Hair Mousse;732;732.jpg;http://www.stayfab.dk/wp-content/uploads/2015/06/732.jpg;http://www.stayfab.dk/wp-content/uploads/2015/06/
Sachajuan Spray Wax ;733;733.jpg;http://www.stayfab.dk/wp-content/uploads/2015/06/733.jpg;http://www.stayfab.dk/wp-content/uploads/2015/06/
 Sachajuan Hair Wax;734;734.jpg;http://www.stayfab.dk/wp-content/uploads/2015/06/734.jpg;http://www.stayfab.dk/wp-content/uploads/2015/06/
 Sachajuan Hair Paste ;735;735.jpg;http://www.stayfab.dk/wp-content/uploads/2015/06/735.jpg;http://www.stayfab.dk/wp-content/uploads/2015/06/
Sachajuan Shine Serum;736;736.jpg;http://www.stayfab.dk/wp-content/uploads/2015/06/736.jpg;http://www.stayfab.dk/wp-content/uploads/2015/06/
 Sachajuan Shine Spray ;737;737.jpg;http://www.stayfab.dk/wp-content/uploads/2015/06/737.jpg;http://www.stayfab.dk/wp-content/uploads/2015/06/
 Sachajuan Body Wash Ginger Flower;739;739.png;http://www.stayfab.dk/wp-content/uploads/2015/06/739.png;http://www.stayfab.dk/wp-content/uploads/2015/06/
Sachajuan Body Wash Spicy Citrus;740;740.jpg;http://www.stayfab.dk/wp-content/uploads/2015/06/740.jpg;http://www.stayfab.dk/wp-content/uploads/2015/06/
Sachajuan Body Lotion Shiny Citrus;741;741.jpg;http://www.stayfab.dk/wp-content/uploads/2015/06/741.jpg;http://www.stayfab.dk/wp-content/uploads/2015/06/
Sachajuan Body Lotion Ginger Flower;742;742.jpg;http://www.stayfab.dk/wp-content/uploads/2015/06/742.jpg;http://www.stayfab.dk/wp-content/uploads/2015/06/
Sachajuan Body Lotion Spicy Citrus;743;743.jpg;http://www.stayfab.dk/wp-content/uploads/2015/06/743.jpg;http://www.stayfab.dk/wp-content/uploads/2015/06/
PHILIP B Peppermint & Avocado Volumizing & Clarifying Shampoo (350 ml);744;744.jpg;http://www.stayfab.dk/wp-content/uploads/2015/06/744.jpg;http://www.stayfab.dk/wp-content/uploads/2015/06/
PHILIP B Peppermint & Avocado Volumizing & Clarifying Shampoo (220 ml);745;745.jpg;http://www.stayfab.dk/wp-content/uploads/2015/06/745.jpg;http://www.stayfab.dk/wp-content/uploads/2015/06/
PHILIP B African Shea Butter Gentle & Conditioning Shampoo;746;746.jpg;http://www.stayfab.dk/wp-content/uploads/2015/06/746.jpg;http://www.stayfab.dk/wp-content/uploads/2015/06/
PHILIP B White Truffle Nourishing Hair Conditioning Crème;747;747.jpg;http://www.stayfab.dk/wp-content/uploads/2015/06/747.jpg;http://www.stayfab.dk/wp-content/uploads/2015/06/
 Zarkoperfume MOLéCULE No. 8;754;754.jpg;http://www.stayfab.dk/wp-content/uploads/2015/06/754.jpg;http://www.stayfab.dk/wp-content/uploads/2015/06/
 Rosebud Salve;762;762.jpg;http://www.stayfab.dk/wp-content/uploads/2015/06/762.jpg;http://www.stayfab.dk/wp-content/uploads/2015/06/
 Rosebud Mentholated Salve;763;763.jpg;http://www.stayfab.dk/wp-content/uploads/2015/06/763.jpg;http://www.stayfab.dk/wp-content/uploads/2015/06/
 Rosebud Strawberry Lip Balm;765;765.jpg;http://www.stayfab.dk/wp-content/uploads/2015/06/765.jpg;http://www.stayfab.dk/wp-content/uploads/2015/06/
 Rosebud Mocha Rose Salve;766;766.jpg;http://www.stayfab.dk/wp-content/uploads/2015/06/766.jpg;http://www.stayfab.dk/wp-content/uploads/2015/06/
 Escentric Molecules - Escentric 01;770;770.jpg;http://www.stayfab.dk/wp-content/uploads/2015/06/770.jpg;http://www.stayfab.dk/wp-content/uploads/2015/06/
 Korres Black Pine Day Cream Normal Skin;783;783.jpg;http://www.stayfab.dk/wp-content/uploads/2015/06/783.jpg;http://www.stayfab.dk/wp-content/uploads/2015/06/
 Korres Black Pine Eye Cream ;785;785.jpg;http://www.stayfab.dk/wp-content/uploads/2015/06/785.jpg;http://www.stayfab.dk/wp-content/uploads/2015/06/
 Korres Black Pine Serum ;786;786.jpg;http://www.stayfab.dk/wp-content/uploads/2015/06/786.jpg;http://www.stayfab.dk/wp-content/uploads/2015/06/
 Korres Black Pine Day Cream Normal Skin;787;787.jpg;http://www.stayfab.dk/wp-content/uploads/2015/06/787.jpg;http://www.stayfab.dk/wp-content/uploads/2015/06/
 Korres Magnolia Bark Night Cream ;788;788.jpg;http://www.stayfab.dk/wp-content/uploads/2015/06/788.jpg;http://www.stayfab.dk/wp-content/uploads/2015/06/
 Korres Wild Rose Cream Oily/Combination;789;789.jpg;http://www.stayfab.dk/wp-content/uploads/2015/06/789.jpg;http://www.stayfab.dk/wp-content/uploads/2015/06/
 Korres Wild Rose Cream24-hour Moisturising Cream;790;790.jpg;http://www.stayfab.dk/wp-content/uploads/2015/06/790.jpg;http://www.stayfab.dk/wp-content/uploads/2015/06/
 Korres Wild Rose Mas;792;792.jpg;http://www.stayfab.dk/wp-content/uploads/2015/06/792.jpg;http://www.stayfab.dk/wp-content/uploads/2015/06/
 Korres Body Milk Basil Lemon ;802;802.jpg;http://www.stayfab.dk/wp-content/uploads/2015/06/802.jpg;http://www.stayfab.dk/wp-content/uploads/2015/06/
 Korres Body Milk Vanilla-Cinnamon ;805;805.jpg;http://www.stayfab.dk/wp-content/uploads/2015/06/805.jpg;http://www.stayfab.dk/wp-content/uploads/2015/06/
 Korres Sunflower & Tea Conditioner;812;812.jpg;http://www.stayfab.dk/wp-content/uploads/2015/06/812.jpg;http://www.stayfab.dk/wp-content/uploads/2015/06/
 Korres Almond & Lineseed Hair Mask;813;813.jpg;http://www.stayfab.dk/wp-content/uploads/2015/06/813.jpg;http://www.stayfab.dk/wp-content/uploads/2015/06/
 Korres Quince Lip Butter;815;815.jpg;http://www.stayfab.dk/wp-content/uploads/2015/06/815.jpg;http://www.stayfab.dk/wp-content/uploads/2015/06/
 Korres Wild Rose Lip Butter;816;816.jpg;http://www.stayfab.dk/wp-content/uploads/2015/06/816.jpg;http://www.stayfab.dk/wp-content/uploads/2015/06/
 Korres Almond Oil & Vitamin C  Hand Cream;823;823.jpg;http://www.stayfab.dk/wp-content/uploads/2015/06/823.jpg;http://www.stayfab.dk/wp-content/uploads/2015/06/
 Korres Almond Oil & Shea Butter Hand Cream;824;824.jpg;http://www.stayfab.dk/wp-content/uploads/2015/06/824.jpg;http://www.stayfab.dk/wp-content/uploads/2015/06/
 KMS California AddVolume Styling Foam;829;829.jpg;http://www.stayfab.dk/wp-content/uploads/2015/06/829.jpg;http://www.stayfab.dk/wp-content/uploads/2015/06/
 KMS California CurlUp Bounce Back Spray;838;838.jpg;http://www.stayfab.dk/wp-content/uploads/2015/06/838.jpg;http://www.stayfab.dk/wp-content/uploads/2015/06/
 KMS Freeshape 2-In-1 Styling + Finishing (200ml);848;848.jpg;http://www.stayfab.dk/wp-content/uploads/2015/06/848.jpg;http://www.stayfab.dk/wp-content/uploads/2015/06/
 KMS California HairPlay Gel Wax;862;862.jpg;http://www.stayfab.dk/wp-content/uploads/2015/06/862.jpg;http://www.stayfab.dk/wp-content/uploads/2015/06/
 KMS HairPlay Makeover Spray;863;863.jpg;http://www.stayfab.dk/wp-content/uploads/2015/06/863.jpg;http://www.stayfab.dk/wp-content/uploads/2015/06/
 KMS California HeadRemedy Sensitive Shampoo;873;873.jpg;http://www.stayfab.dk/wp-content/uploads/2015/06/873.jpg;http://www.stayfab.dk/wp-content/uploads/2015/06/
 KMS Moist Repair Therapy Treatment;874;874.jpg;http://www.stayfab.dk/wp-content/uploads/2015/06/874.jpg;http://www.stayfab.dk/wp-content/uploads/2015/06/
 MOROCCANOIL® Curl Defining Cream;896;896.jpg;http://www.stayfab.dk/wp-content/uploads/2015/06/896.jpg;http://www.stayfab.dk/wp-content/uploads/2015/06/
 MOROCCANOIL® Glimmer Shine Spray (50ml);905;905.jpg;http://www.stayfab.dk/wp-content/uploads/2015/06/905.jpg;http://www.stayfab.dk/wp-content/uploads/2015/06/
 MOROCCANOIL® Intense Curl Creme;912;912.jpg;http://www.stayfab.dk/wp-content/uploads/2015/06/912.jpg;http://www.stayfab.dk/wp-content/uploads/2015/06/
 MOROCCANOIL® Light Olie ;915;915.jpg;http://www.stayfab.dk/wp-content/uploads/2015/06/915.jpg;http://www.stayfab.dk/wp-content/uploads/2015/06/
 MOROCCANOIL® Restorative Hair Mask;925;925.jpg;http://www.stayfab.dk/wp-content/uploads/2015/06/925.jpg;http://www.stayfab.dk/wp-content/uploads/2015/06/
 Sebastian Penetraitt Strengthening and Repair Conditioner ;949;949.jpg;http://www.stayfab.dk/wp-content/uploads/2015/06/949.jpg;http://www.stayfab.dk/wp-content/uploads/2015/06/
American Crew 24-Hour Deodorant Body Wash ;973;973.jpg;http://www.stayfab.dk/wp-content/uploads/2015/06/973.jpg;http://www.stayfab.dk/wp-content/uploads/2015/06/
American Crew 3-In-1 Shampoo;974;974.jpg;http://www.stayfab.dk/wp-content/uploads/2015/06/974.jpg;http://www.stayfab.dk/wp-content/uploads/2015/06/
American Crew Alternator Finishing Spray;975;975.jpg;http://www.stayfab.dk/wp-content/uploads/2015/06/975.jpg;http://www.stayfab.dk/wp-content/uploads/2015/06/
American Crew Boost Cream;976;976.jpg;http://www.stayfab.dk/wp-content/uploads/2015/06/976.jpg;http://www.stayfab.dk/wp-content/uploads/2015/06/
American Crew Boost Powder 10 g;977;977.jpg;http://www.stayfab.dk/wp-content/uploads/2015/06/977.jpg;http://www.stayfab.dk/wp-content/uploads/2015/06/
American Crew Classic Body Wash ;978;978.jpg;http://www.stayfab.dk/wp-content/uploads/2015/06/978.jpg;http://www.stayfab.dk/wp-content/uploads/2015/06/
American Crew Classic Gray Shampoo;979;979.jpg;http://www.stayfab.dk/wp-content/uploads/2015/06/979.jpg;http://www.stayfab.dk/wp-content/uploads/2015/06/
American Crew Curl Construct;980;980.jpg;http://www.stayfab.dk/wp-content/uploads/2015/06/980.jpg;http://www.stayfab.dk/wp-content/uploads/2015/06/
American Crew Daily Moisturizing Shampoo ;981;981.jpg;http://www.stayfab.dk/wp-content/uploads/2015/06/981.jpg;http://www.stayfab.dk/wp-content/uploads/2015/06/
American Crew Defining Paste voks;982;982.jpg;http://www.stayfab.dk/wp-content/uploads/2015/06/982.jpg;http://www.stayfab.dk/wp-content/uploads/2015/06/
American Crew Fiber voks;984;984.jpg;http://www.stayfab.dk/wp-content/uploads/2015/06/984.jpg;http://www.stayfab.dk/wp-content/uploads/2015/06/
American Crew Forming Cream voks;985;985.jpg;http://www.stayfab.dk/wp-content/uploads/2015/06/985.jpg;http://www.stayfab.dk/wp-content/uploads/2015/06/
American Crew Grooming Cream voks;986;986.jpg;http://www.stayfab.dk/wp-content/uploads/2015/06/986.jpg;http://www.stayfab.dk/wp-content/uploads/2015/06/
American Crew Molding Clay voks;987;987.jpg;http://www.stayfab.dk/wp-content/uploads/2015/06/987.jpg;http://www.stayfab.dk/wp-content/uploads/2015/06/
American Crew Pomade voks;988;988.jpg;http://www.stayfab.dk/wp-content/uploads/2015/06/988.jpg;http://www.stayfab.dk/wp-content/uploads/2015/06/
American Crew Firm Hold Styling Gel ;989;989.jpg;http://www.stayfab.dk/wp-content/uploads/2015/06/989.jpg;http://www.stayfab.dk/wp-content/uploads/2015/06/
American Crew Grooming Spray ;990;990.jpg;http://www.stayfab.dk/wp-content/uploads/2015/06/990.jpg;http://www.stayfab.dk/wp-content/uploads/2015/06/
American Crew Hair Recovery + Thickening Shampoo;991;991.jpg;http://www.stayfab.dk/wp-content/uploads/2015/06/991.jpg;http://www.stayfab.dk/wp-content/uploads/2015/06/
American Crew Light Hold Styling Gel;992;992.jpg;http://www.stayfab.dk/wp-content/uploads/2015/06/992.jpg;http://www.stayfab.dk/wp-content/uploads/2015/06/
American Crew Power Cleanser Style Remover;993;993.jpg;http://www.stayfab.dk/wp-content/uploads/2015/06/993.jpg;http://www.stayfab.dk/wp-content/uploads/2015/06/
American Crew Superglue;994;994.jpg;http://www.stayfab.dk/wp-content/uploads/2015/06/994.jpg;http://www.stayfab.dk/wp-content/uploads/2015/06/
American Crew Ultramatte;995;995.jpg;http://www.stayfab.dk/wp-content/uploads/2015/06/995.jpg;http://www.stayfab.dk/wp-content/uploads/2015/06/
American Crew Shave Moisturizing Shave Cream;996;996.jpg;http://www.stayfab.dk/wp-content/uploads/2015/06/996.jpg;http://www.stayfab.dk/wp-content/uploads/2015/06/
American Crew Shave Post-Shave Cooling Lotion;997;997.jpg;http://www.stayfab.dk/wp-content/uploads/2015/06/997.jpg;http://www.stayfab.dk/wp-content/uploads/2015/06/
American Crew Shave Precision Shave Gel ;998;998.jpg;http://www.stayfab.dk/wp-content/uploads/2015/06/998.jpg;http://www.stayfab.dk/wp-content/uploads/2015/06/
American Crew Ultra Gliding Shave Oil Men ;999;999.jpg;http://www.stayfab.dk/wp-content/uploads/2015/06/999.jpg;http://www.stayfab.dk/wp-content/uploads/2015/06/
PHILIP B Styling Gel;748;748.jpg;http://www.stayfab.dk/wp-content/uploads/2015/06/748.jpg;http://www.stayfab.dk/wp-content/uploads/2015/06/
Philip B Drop Dead Straightening Baume;749;749.jpg;http://www.stayfab.dk/wp-content/uploads/2015/06/749.jpg;http://www.stayfab.dk/wp-content/uploads/2015/06/
PHILIP Crème of the Crop Hair Finishing Crème;750;750.jpg;http://www.stayfab.dk/wp-content/uploads/2015/06/750.jpg;http://www.stayfab.dk/wp-content/uploads/2015/06/
PHILIP B Shinade Pomade;751;751.jpg;http://www.stayfab.dk/wp-content/uploads/2015/06/751.jpg;http://www.stayfab.dk/wp-content/uploads/2015/06/
PHILIP B  Anti-Frizz Formel 57;752;752.jpg;http://www.stayfab.dk/wp-content/uploads/2015/06/752.jpg;http://www.stayfab.dk/wp-content/uploads/2015/06/
Zarkoperfume Molècule 234-38 Eau De Parfume;756;756.jpg;http://www.stayfab.dk/wp-content/uploads/2015/06/756.jpg;http://www.stayfab.dk/wp-content/uploads/2015/06/
Zakoperfume e´L Eau de Parfume;757;757.jpg;http://www.stayfab.dk/wp-content/uploads/2015/06/757.jpg;http://www.stayfab.dk/wp-content/uploads/2015/06/
Zarkoperfume INCEPTION Eau de Parfum;758;758.jpg;http://www.stayfab.dk/wp-content/uploads/2015/06/758.jpg;http://www.stayfab.dk/wp-content/uploads/2015/06/
Zarkoperfume OUD'ISH Eau De Perfume;759;759.jpg;http://www.stayfab.dk/wp-content/uploads/2015/06/759.jpg;http://www.stayfab.dk/wp-content/uploads/2015/06/
Zarkoperfume PINK MOLéCULE Eau de Parfum ;760;760.jpg;http://www.stayfab.dk/wp-content/uploads/2015/06/760.jpg;http://www.stayfab.dk/wp-content/uploads/2015/06/
Rosebud Salve (Tube);761;761.jpg;http://www.stayfab.dk/wp-content/uploads/2015/06/761.jpg;http://www.stayfab.dk/wp-content/uploads/2015/06/
Rosebud Minted Rose Salve;764;764.jpg;http://www.stayfab.dk/wp-content/uploads/2015/06/764.jpg;http://www.stayfab.dk/wp-content/uploads/2015/06/
Rosebud Brambleberry Rose ;767;767.jpg;http://www.stayfab.dk/wp-content/uploads/2015/06/767.jpg;http://www.stayfab.dk/wp-content/uploads/2015/06/
Escentric Molecules Escentric 01 Unisex 30 ml.;769;769.jpg;http://www.stayfab.dk/wp-content/uploads/2015/06/769.jpg;http://www.stayfab.dk/wp-content/uploads/2015/06/
Escentric Molecules - Escentric 02 ;771;771.jpg;http://www.stayfab.dk/wp-content/uploads/2015/06/771.jpg;http://www.stayfab.dk/wp-content/uploads/2015/06/
Escentric Molecules  Escentric 03 ;772;772.jpg;http://www.stayfab.dk/wp-content/uploads/2015/06/772.jpg;http://www.stayfab.dk/wp-content/uploads/2015/06/
Escentric Molecules  Molecule 01;773;773.jpg;http://www.stayfab.dk/wp-content/uploads/2015/06/773.jpg;http://www.stayfab.dk/wp-content/uploads/2015/06/
Escentric Molecules  Molecule 01 (30 ml);776;776.jpg;http://www.stayfab.dk/wp-content/uploads/2015/06/776.jpg;http://www.stayfab.dk/wp-content/uploads/2015/06/
Escentric Molecules  Molecule 02;777;777.jpg;http://www.stayfab.dk/wp-content/uploads/2015/06/777.jpg;http://www.stayfab.dk/wp-content/uploads/2015/06/
Escentric Molecules Paper Passion;779;779.jpg;http://www.stayfab.dk/wp-content/uploads/2015/06/779.jpg;http://www.stayfab.dk/wp-content/uploads/2015/06/
Escentric Molecules Escentric 01 Body Wash;780;780.jpg;http://www.stayfab.dk/wp-content/uploads/2015/06/780.jpg;http://www.stayfab.dk/wp-content/uploads/2015/06/
Escentric Molecules Escentric 02 Body Wash;781;781.jpg;http://www.stayfab.dk/wp-content/uploads/2015/06/781.jpg;http://www.stayfab.dk/wp-content/uploads/2015/06/
Escentric Molecules Escentric 03 Body Wash ;782;;;
Korres Black Pine Night Cream ;784;;;
Korres Wild Rose Exfoliating Cleanser;791;;;
Torres Wild Rose Eye Cream;793;;;
Korres Milk Proteins Foaming Cream Cleanser;794;;;
Korres Milk Protein 3in1 Cleanser;795;;;
Korres White Tea Fluid Gel Cleanser;796;;;
Korres Lemon & Basil Body Scrub;797;;;
Korres Guava Showergel;798;;;
Korres Bergamont & Pear Showergel;799;;;
Korres Basil & Lemon Showergel;800;;;
Korres White Tea Showergel;801;;;
Korres Body Milk;803;;;
Korres Body Milk Mint Tea;804;;;
Korres Body Milk Bergamot Pear;806;;;
Korres Body Butter Guava ;807;;;
Korres Body Butter Jasmine ;808;;;
Korres Almond & Lineseed Shampoo ;809;;;
Korres Sunflower & Tea Shampoo;810;;;
Korres Rice Proteins & Linden Shampoo;811;;;
Korres Guava Lip Butter;814;;;
Korres Mango Lip Butter ;817;;;
Korres Lip Butter Stick SPF15 (Pink);818;;;
Korres Lip Butter Stick SPF15 (Rose);820;;;
Korres Lip Butter Stick SPF15 (Clear);821;;;
Korres Lip Butter Stick SPF15 (Peach);822;;;
KMS California AddVolume Body Build Detangler;826;;;
KMS California AddVolume Root and Body Lift;827;;;
KMS California AddVolume Shampoo;828;;;
KMS California AddVolume Volumizing Spray;830;;;
KMS California ColorVitality Blonde Shampoo;831;;;
KMS California ColorVitality Blonde Treatment;832;;;
KMS Color Vitality Conditioner;833;;;
KMS ColorVitality Conditioner (750 ml);834;;;
KMS California ColorVitality Shampoo;835;;;
KMS California ColorVitality Shine and Shield;837;;;
KMS CurlUp Conditioner;839;;;
KMS California CurlUp Control Creme;841;;;
KMS California CurlUp Curling Balm;842;;;
KMS CurlUp Leave-in Conditioner ;843;;;
KMS CurlUp Perfection Lotion;844;;;
KMS California CurlUp Shampoo;845;;;
KMS CurlUp Wave Foam;846;;;
KMS Freeshape 2-In-1 Styling + Finish (75 ml);847;;;
KMS FreeShape Conditioner;849;;;
KMS California FreeShape Deep Conditioner;850;;;
KMS California FreeShape Hot Flex Creme;851;;;
KMS FreeShape Hot Flex Spray;854;;;
KMS California FreeShape Quick Blow Dry;855;;;
KMS California FreeShape Shampoo;856;;;
KMS Hair Play Playable Texture;857;;;
KMS HairPlay Clay Creme;858;;;
KMS HairPlay Design Wax ;859;;;
KMS California HairPlay Dry Touch-Up;860;;;
KMS California HairPlay Dry Wax;861;;;
KMS California HairPlay Sea Salt Spray;864;;;
KMS California HairPlay Texture Shampoo;865;;;
KMS California HairStay Anti-Humidity Seal;866;;;
KMS California HairStay Clarify Shampoo;867;;;
KMS California HairStay Maximum Hold Spray;868;;;
KMS California HairStay Medium Hold Spray;869;;;
KMS California HairStay Style Boost;870;;;
KMS HairStay Styling Gel;871;;;
KMS California HeadRemedy Dandruff Shampoo;872;;;
KMS MoistRepair Conditioner;875;;;
KMS California MoistRepair Leave-In Conditioner;876;;;
KMS California MoistRepair Revival Creme;877;;;
KMS California MoistRepair Therapy Treatment;878;;;
KMS SilkSheen Conditioner;879;;;
KMS California SilkSheen Leave-In Conditioner;880;;;
KMS California SilkSheen Polishing Serum;881;;;
KMS California SilkSheen Shampoo;882;;;
KMS California SilkSheen Styling Creme;883;;;
KMS Tame Frizz Conditioner;884;;;
KMS Tame Frizz De-Frizz Oil ;885;;;
KMS Tame Frizz Shampoo ;886;;;
KMS Tame Frizz Smoothing Lotion ;887;;;
KMS Tame Frizz Taming Creme;888;;;
MOROCCANOIL® Olie behandling;889;;;
MOROCCANOIL® Olie behandling (25ml);891;;;
MOROCCANOIL® Styling Gel;892;;;
MOROCCANOIL® Clarifying Shampoo 250 ml. ;893;;;
MOROCCANOIL® Curl Control Mousse ;894;;;
MOROCCANOIL® Curl Defining Cream;895;;;
MOROCCANOIL® Dry Scalp Treatment (45 ml);897;;;
MOROCCANOIL® Extra Volume Conditioner;898;;;
MOROCCANOIL® Extra Volume Conditioner (70 ml);899;;;
MOROCCANOIL® Extra Volume Shampoo;900;;;
MOROCCANOIL® Extra Volume Shampoo (70 ml);901;;;
MOROCCANOIL® Frizz Control;902;;;
MOROCCANOIL® Frizz Control (50 ml);903;;;
MOROCCANOIL® Glimmer Shine Spray;904;;;
MOROCCANOIL® Heat Styling Protection;906;;;
MOROCCANOIL® Hydrating Conditioner ;907;;;
MOROCCANOIL® Hydrating Shampoo ;908;;;
MOROCCANOIL® Hydrating Styling Creme ;909;;;
MOROCCANOIL® Intense Hydrating Mask;913;;;
MOROCCANOIL® Intense Hydrating Mask;914;;;
MOROCCANOIL® Light Olie (100ml);916;;;
MOROCCANOIL® Luminous Hairspray Finish Strong;917;;;
MOROCCANOIL® Luminous Hairspray Finish Strong (75ml);918;;;
MOROCCANOIL® Luminous Hairspray Medium;919;;;
MOROCCANOIL® Moisture Repair Conditioner;920;;;
MOROCCANOIL® Moisture Repair Shampoo;921;;;
MOROCCANOIL® Moisture Repair Shampoo (70ml);922;;;
MOROCCANOIL® Molding Cream;923;;;
MOROCCANOIL® Oily Scalp Treatment (45 ml);924;;;
MOROCCANOIL® Root Boost;927;;;
MOROCCANOIL® Volumizing Mousse;928;;;
MOROCCANOIL® Weightless Hydrating Mask;929;;;
MOROCCANOIL® Weightless Hydrating Mask;930;;;
Sebastian Color Ignite Mono Conditioner ;931;;;
Sebastian Color Ignite Mono Shampoo ;932;;;
Sebastian Color Ignite Mono Shampoo (50ml);933;;;
Sebastian Color Ignite Multi Conditioner;934;;;
Sebastian Color Ignite Multi Shampoo ;935;;;
Sebastian Craft Clay Voks ;936;;;
Sebastian Craft Clay Voks (50gr);937;;;
Sebastian Drynamic Tørshampoo ;938;;;
Sebastian Drynamic Tørshampoo (75ml);939;;;
Sebastian Flaunt Trilliant;940;;;
Sebastian Gel forte Strong-hold ;941;;;
Sebastian Hydre Moisturizing Conditioner;942;;;
Sebastian Hydre Moisturizing Treatment (150ml);943;;;
Sebastian Liquid Gloss;944;;;
Sebastian Liquid Steel Styler;945;;;
Sebastian Matte putty soft dry texturizer;946;;;
Sebastian Microweb Fiber;947;;;
Sebastian Mousse forte™ strong-hold mousse;948;;;
Sebastian Penetraitt Strengthening and Repair shampoo;950;;;
Sebastian Penetraitt strength Treatment ;951;;;
Sebastian Potion 9 - Wearable styling treatment ;952;;;
Sebastian Potion 9 Lite;953;;;
Sebastian Re-shaper™ hairspray;954;;;
Sebastian Shaper FIERCE™ hairspray ;955;;;
Sebastian Shaper Zero Gravity™;956;;;
Sebastian Shine Crafter Mouldable Wax ;958;;;
Sebastian Shine Define;960;;;
Sebastian Shine Shaker;961;;;
Sebastian Stylbrid 9 ;962;;;
Sebastian Stylixir™ Flexi-styler;963;;;
Sebastian Texture Maker;964;;;
Sebastian Texturizer flexible bodyfying liq gel;965;;;
Sebastian Thickefy Foam;966;;;
Sebastian Trilliance Shine Conditioner ;967;;;
Sebastian Trilliance Shine Shampoo;968;;;
Sebastian Volupt Conditioner ;969;;;
Sebastian Volupt Shampoo;970;;;
Sebastian Volupt Spray ;971;;;
Sebastian Whipped Creme ;972;;;
Decléor Aromessence Bath Oil (100ml);1030;;;
Decléor Nourishing And Soothing Foot Cream (50ml);1031;;;
Decléor Post Wax Senstive Skin (50 ml);1032;;;
Decléor Relax Intense Massage Balm (125ml);1033;;;
Decléor Systeme Corps Gradual Glow Hydrating Body Milk (250ml);1034;;;
Decléor Toning Shower And Bath Gel Alguaromes (250ml);1035;;;
Decléor Relax Intense Shower Oil (200ml);1036;;;
Decléor Exfoliating Body Cream crème exfoliante (200ml);1037;;;
Decléor Systeme Corps Moisturising Body Milk (250ml);1038;;;
Decléor Post Wax Double Action Gel-Cream (125ml);1039;;;
Decléor Relax Intense Fruits Seeds Scrub (200ml);1041;;;
Decléor Hydra Floral BB Cream Spf15 Medium (40ml);1042;;;
Decléor Sculpt Stretch Mark Restructuring Gel-cream (150ml);1043;;;
Decléor Relaxing Shower And Bath Gel (250ml);1044;;;
Decléor Slim Effect Localised Contouring Gel-cream (200ml);1045;;;
Decléor Excellence Sublime Regenerating Body Cream (200ml);1048;;;
Decléor Aromessence Ylang Ylang Purifying Serum (15ml);1049;;;
Decléor Harmonie Calm Relaxing Gel-Cream For Eyes (15ml);1050;;;
Decléor Mandarine Smoothing Night Balm (15ml);1051;;;
Decléor Aroma White Expert Dark Spot Corrector (15ml);1052;;;
Decléor Rose D'Orient Night Balm (15ml);1053;;;
Decléor Aromessence Circularome Stimulating Body Serum (100ml);1054;;;
Decléor Harmonie Calm Relaxing Gel-Cream For Eyes (15ml);1056;;;
Decléor Excellence Regenerating Eye & Lip Cream +50 (15ml);1057;;;
Decléor Aroma Night Wrinkle Firmness Cream (50ml);1058;;;
Decléor Hydrotenseur Eye Contour Firming Serum (15ml);1059;;;
Decléor Aroma Purete Sos Imperfection Roll On (7,5ml);1061;;;
Decléor Fresh Purifying Gel 200 ml;1062;;;
Decléor Aromessence Excellence Anti-ageing Firming Body Serum (100ml);1063;;;
Decléor Système Corps Gradual Glow (400ml);1064;;;
Decléor Iris Night Balm (15ml);1065;;;
Decléor Cleansing Micellar Oil (150ml);1066;;;
Decléor Prolagene Lift Fill & Wrinkle Mask (40ml);1067;;;
Decléor Alguaromes Toning Shower Gel (400ml);1068;;;
Decléor Clay And Herbal Cleansing Mask (50ml);1069;;;
Decléor Hydro-brightening Lotion (150ml);1070;;;
Decléor Soothing Micellar Water  (400ml);1071;;;
Decleor Ylang Ylang Purifying Night Balm (30ml);1072;;;
Decleor Marjolaine Night Balm (15ml);1073;;;
Decléor Aroma Lisse Energising Smoothing Cream spf 15 (50ml);1074;;;
Decléor Excellence Neck & Decolleté Cream +50 (50ml);1075;;;
Decléor Hydra Floral Multi Protection Plumping Mask (50ml);1076;;;
Decléor Life Radiance Double Radiance Scrub (50ml);1077;;;
Decléor Prolagene Lift Peeling Gel (45ml);1078;;;
Decléor Essential Tonifying Lotion (200ml);1079;;;
Decléor Aromessence Relax Intense Dry Oil (100ml);1080;;;
Decléor Excellence Sublime Re-densify Night Cream (50ml);1081;;;
Decléor Youth Cleansing Milk (200ml);1082;;;
Decléor Prolagene Lift Normal Skin (50ml);1083;;;
Decléor 3 in 1 Hydra-Radiance Cleansing Mousse (200ml);1084;;;
Decléor Micro-smoothing Cream Pureté Exfoliante (50ml);1085;;;
Decléor Hydra Floral BB Cream Spf15 Dark 40 ml;1086;;;
Decléor Brightening Cleansing Foam (150ml);1087;;;
Decléor Fresh Purifying Gel (400ml);1088;;;
Decléor Aromessence Neroli Essential Serum (15ml);1089;;;
Decléor Mandarine Smoothing Night Balm (30ml);1090;;;
Decléor Aroma White Intense Translucency Fluid (50ml);1091;;;
Decléor Rose D'Orient Night Balm (30ml);1092;;;
Decléor Aromessence Sculpt Firming Body Serum (100ml);1093;;;
Decléor Aroma Purete Shine Control Oxygenating Fluid;1094;;;
Decléor Harmonie Calm Milky Gel-cream Mask (40ml);1095;;;
Decléor Excellence Night Balm (30ml);1096;;;
Decléor Fresh Matifying Lotion (200ml);1097;;;
Decléor Prolagene Lift Intensive Youth Concentrate (30ml);1098;;;
Decléor Système Corps Nourishing Body Milk (400ml);1099;;;
Decléor Iris Night Balm (30ml);1100;;;
Decléor Aroma Purete Oxygenating - 2 in 1 mask (50ml);1101;;;
Decléor Aromessence White Brightening Serum (15ml);1102;;;
Decléor Essential Cleansing Milk (400ml);1103;;;
Decléor 3 in 1 Hydra-radiance Cleansing Mousse (100ml);1104;;;
Decléor Aromessence Mandarine Smoothing Serum (15ml);1105;;;
Decléor Neroli Essential Night Balm (15ml);1106;;;
Decléor Marjolaine Night Balm (30ml);1109;;;
Decléor Aroma Lisse 2-in-1 Dark Circle & Eye Wrinkle Eraser (15ml);1110;;;
Decléor Harmonie Calm Delicate Milky Fluid (50ml);1111;;;
Decléor Life Radiance Flash Radiance Mask (50ml);1112;;;
Decléor Eye Make-up Remover (150ml);1114;;;
Decléor Youth Lotion (200ml);1116;;;
Decléor Prolagene Lift Dry Skin (50ml);1117;;;
Decléor Relaxing Shower And Bath Gel (400ml);1118;;;
Decléor Exfoliating Cream Phytopeel (50ml);1119;;;
Decléor Hydra Floral BB Cream Spf15 Light (40ml);1120;;;
Decléor Fresh Matifying Lotion (400ml);1121;;;
Decléor Aromessence Rose D'Orient Soothing Serum (15ml);1122;;;
Decléor Aromessence Marjolaine Nourishing Serum (15ml);1123;;;
Decléor Aroma White Multi-brightening Eye Care  (15ml);1124;;;
Decléor Excellence Dark Spot Corrector Concentrate +50 (15ml);1125;;;
Decléor Refreshing toning gel Circulagel (150ml);1126;;;
Decléor Life Radiance Double Radiance Cream (30ml);1127;;;
Decléor Energising Gel prolagene (150ml);1128;;;
Decléor Essential Cleansing Milk (200ml);1129;;;
Decléor Aromessence Slim Effect Serum (100ml);1130;;;
Decléor Aromessence Excellence Regnerating Serum +50 (15ml);1131;;;
Decléor Soothing Micellar Water (200ml);1132;;;
Decléor Prolagene Lift Eye Cream (15ml);1133;;;
Decléor Système Corps Moisturising Body Milk (400ml);1134;;;
Decléor Neroli Essential Night Balm (30ml);1135;;;
Decléor Hydra Floral Multi Protection Light Cream (50ml);1136;;;
Decléor Recovery Brightening Night Cream (50ml);1137;;;
Decléor Essential Tonifying Lotion (400ml);1138;;;
Decléor Hydra Floral Eye And Lip Mask (50ml);1139;;;
Decléor Hydra Floral Multi Protection Rich Cream (50ml);1140;;;
Decléor Harmonie Calm Soothing Milky Cream (50ml);1141;;;
Decléor Youth Cleansing Milk (200ml);1142;;;
Decléor Life Radiance Energising Vitamin Cure 10 days (10ml);1143;;;
Decléor Nutri Smoothing Lip Stick (4gr);1144;;;
Decléor Excellence Regenerating Cream +50 (50ml);1145;;;
Decléor Aromessence Iris Rejuvenating Serum +40 (15ml);1146;;;
Decléor Ylang Ylang Purifying Night Balm (15ml);1147;;;
Gold Shaper Wax (50ml);1205;;;
Gold Earth Wax (50ml);1206;;;
Gold Fiber Wax (50ml);1207;;;
Gold Luxury Conditioner (250ml);1208;;;
Gold Volumizing Leave-In Conditioner (150ml);1209;;;
Gold Hair Spray (400ml);1210;;;
Gold Sea Water Cream (100ml);1211;;;
Gold Luxury Masque (500ml);1212;;;
Gold Hydration Conditioner (250ml);1213;;;
Gold Luxury Protein Shampoo (250ml);1214;;;
Gold Curl Cream (150ml);1215;;;
Gold Texturizing Spray Wax (200ml);1216;;;
Gold Hydration Conditioner (1000ml);1217;;;
Gold Scalp Relieve Shampoo (250ml);1218;;;
Gold Dry Shampoo (200ml);1219;;;
Gold Delicious Foundation (200ml);1220;;;
Gold Hydration Shampoo (250ml);1221;;;
Gold Silk Drops (50ml);1222;;;
Gold Hydration Shampoo (1000ml);1223;;;
Gold Fairy Dust (14g);1224;;;
Gold Spray Tan (150ml);1225;;;
Gold Argan Oil (50ml);1226;;;
Rudolph Care Organic Sun Body Lotion spf 15 (150ml);1228;;;
Rudolph Care Organic Sun Body Lotion spf 30 (150ml);1229;;;
Rudolph Care Organic Sun Body Oil spf 15 (150ml);1230;;;
Rudolph Care Organic Sun Body Oil spf 30 (150ml);1231;;;
Rudolph Care Organic Sun Face Cream spf 15 (50ml);1232;;;
Rudolph Care Organic Sun Face Cream spf 30 (50ml);1233;;;
Rudolph Care Organic Sun Face Cream spf 50 (50ml);1234;;;
Rudolph Care Organic Sun Stick spf 50 (15ml);1235;;;
Rudolph Care Sun Body Lotion spf 50 (150ml);1236;;;
Rudolph Care Sun Kids Lotion spf 30 (200ml);1237;;;
Rudolph Care Sun Kids Lotion spf 50 (200ml);1238;;;
Rudolph Care Acai Anti-ageing Facial Moisturizer (25ml);1239;;;
Rudolph Care Acai Anti-ageing Facial Moisturizer (50ml);1240;;;
Rudolph Care Acai Anti-ageing Facial Oil (15ml);1241;;;
Rudolph Care Acai Anti-ageing Serum (15ml);1242;;;
Rudolph Care Acai Anti-stress Facial Cream (50ml);1243;;;
Rudolph Care Acai Cleansing Foam (150ml);1245;;;
Rudolph Care Acai Cleansing Milk (100ml);1246;;;
Rudolph Care Acai Eye Cream (15ml);1247;;;
Rudolph Care Acai Facial Mist (100ml);1248;;;
Rudolph Care Acai Facial Scrub Mask (100ml);1249;;;
Rudolph Care Acai Lip Balm (15ml);1250;;;
Rudolph Care Acai Body Lotion (200ml);1252;;;
Rudolph Care Acai Body Lotion (100ml);1253;;;
Rudolph Care Acai Body Oil (100ml);1254;;;
Rudolph Care Acai Body Scrub (200ml);1255;;;
Rudolph Care Acai Body Soap (250ml);1256;;;
Rudolph Care Acai Cream Soap (200ml);1257;;;
Rudolph Care Acai Hand & Body Soap (50ml);1258;;;
Rudolph Care Acai Hand Cream (30ml);1259;;;
Redken All Soft Argan-6 Oil (90ml);1260;;;
Redken All Soft Conditioner (250ml);1261;;;
Redken All Soft Heavy Cream (250ml);1262;;;
Redken All Soft Shampoo (300ml);1263;;;
Redken All Soft Supple Touch (150ml);1264;;;
Redken Blonde Idol BBB Spray Conditioner (150ml);1265;;;
Redken Blonde Idol Custom-Tone Gold Conditioner for Warm Blondes (196ml);1266;;;
Redken Blonde Idol Custom-Tone Violet for Cool Blondes (196ml);1267;;;
Redken Blonde Idol Mask (250ml);1268;;;
Redken Blonde Idol Shampoo (300ml);1269;;;
Redken Body Full Conditioner (250ml);1270;;;
Redken Body Full Instant Bodifier (150ml);1271;;;
Redken Body Full Shampoo (300ml);1272;;;
Redken Cerafill Defy Conditioner (245ml);1273;;;
Redken Cerafill Defy Daily Scalp Treatment (125ml);1274;;;
Redken Cerafill Maximize Dense Fx (125ml);1275;;;
Redken Cerafill Maximize Hair Advance (10x6ml);1276;;;
Redken Cerafill Maximize Texture Effect (153ml);1277;;;
Redken Cerafill Retaliate Conditioner (245ml);1278;;;
Redken Cerafill Retaliate Hair Re-Densifying Treatment (90ml);1279;;;
Redken Clear Moisture Conditioner (250ml);1280;;;
Redken Clear Moisture Shampoo (300ml);1281;;;
Redken Clear Moisture Water Rush (250ml);1282;;;
Redken Color Extend Magnetics Conditioner (250ml);1283;;;
Redken Color Extend Magnetics Deep Attraction Treatment (250ml);1284;;;
Redken Color Extend Magnetics Multi-Treatment Radiant-10 (125ml);1285;;;
Redken Color Extend Magnetics Shampoo (300ml);1286;;;
Redken Color Extend Sun Reflective Glow (125ml);1287;;;
Redken Color Extend Sun Take Cover spf 25 (140ml);1288;;;
Redken Curvaceous Conditioner (250ml);1289;;;
Redken Curvaceous Cream Shampoo (300ml);1290;;;
Redken Curvaceous Curl Dive (180ml);1291;;;
Redken Curvaceous Full Swirl (150ml);1292;;;
Redken Curvaceous Ringlet (180ml);1293;;;
Redken Curvaceous Wave Ahead (145ml);1294;;;
Redken Curvaceous Wind Up (145ml);1295;;;
Redken Diamond Oil Conditioner (250ml);1296;;;
Redken Diamond Oil High Shine Airy Mist (150ml);1297;;;
Redken Diamond Oil High Shine Gel Conditioner (250ml);1298;;;
Redken Diamond Oil High Shine Shampoo (300ml);1299;;;
Redken Diamond Oil Masque (250ml);1300;;;
Redken Diamond Oil Shampoo (300ml);1301;;;
Redken Diamond Oil Shatterproof Shine (100ml);1302;;;
Redken Extreme Anti-Snap (240ml);1303;;;
Redken Extreme Cat Protein Treatment (150ml);1304;;;
Redken Extreme Conditioner (250ml);1305;;;
Redken Extreme Shampoo (300ml);1306;;;
Redken For Men Anti Grit Clean Brew Shampoo (250ml);1307;;;
Redken For Men Clean Spice 2-in-1 Conditioning Shampoo (300ml);1308;;;
Redken For Men Cool Finish Conditioner (300ml);1309;;;
Redken For Men Extreme Gel Stand Tough (150ml);1310;;;
Redken For Men Go Clean Shampoo (300ml);1312;;;
Redken For Men High Up Spiking Cream Wax (100ml);1313;;;
Redken For Men Maneuver Wax (100ml);1314;;;
Redken For Men Mint Invigorating Shampoo (300ml);1315;;;
Redken For Men Molding Paste Work Hard (100ml);1316;;;
Redken For Men Steel Lock Silver Charge Fortifying Silver Shampoo (300ml);1317;;;
Redken For Men Texturizing Clay Firm Grasp (100ml);1318;;;
Redken Intra Force Natural 1 Shampoo (145ml);1319;;;
Redken Intra Force Natural 2 Toner (145ml);1320;;;
Redken Intra Force Natural 3 Treatment (125ml);1321;;;
Redken Nature's Rescue Conditioner (125ml);1322;;;
Redken Real Control Conditioner (250ml);1323;;;
Redken Real Control Conditioner (30ml);1324;;;
Redken Real Control Shampoo (300ml);1325;;;
Redken Scalp Relief Dandruff Control Shampoo (300ml);1326;;;
Redken Scalp Relief Oil Detox Shampoo (300ml);1327;;;
Redken Scalp Relief Soothing Balance Shampoo (300ml);1328;;;
Redken Smooth Lock Butter Silk (250ml);1329;;;
Redken Smooth Lock Conditioner (250ml);1330;;;
Redken Smooth Lock Shampoo (300ml);1331;;;
Redken Smooth Lock Stay Sleek (150ml);1332;;;
Redken Specialty Products Hair Cleansing Cream Shampoo (300ml);1333;;;
Redken Styling Flex Line Mess Around 10  (50ml);1335;;;
Redken Styling Flex Line Shape Factor 22 (50ml);1336;;;
Redken Styling Flex Move Ability 05 (50ml);1337;;;
Redken Styling Hairspray Control Addict 28 (400ml);1338;;;
Redken Styling Hairspray Fashion Work 12 (400ml);1339;;;
Redken Styling Hairspray Forceful 23 (400ml);1340;;;
Redken Styling Hairspray Pure Force 20 (250ml);1341;;;
Redken Styling Hairspray Quick Dry 18 (400ml);1342;;;
Redken Styling Heat Styling Duo Shield 07 (150ml);1343;;;
Redken Styling Heat Styling Fabricate 03 (150ml);1344;;;
Redken Styling Heat Styling Iron Shape 11 (250ml);1345;;;
Redken Styling Heat Styling Satinwear 02 (160ml);1346;;;
Redken Styling Pillow Proof Blow Dry Express Primer (170ml);1347;;;
Redken Styling Pillow Proof Blow Dry Two Day Extender (153ml);1348;;;
Redken Styling Shine Outshine 01 (100ml);1349;;;
Redken Styling Shine Shine Flash 02 (150ml);1350;;;
Redken Styling Signature Look Dry Finishing Spray Wind Blown 05 (250ml);1351;;;
Redken Styling Signature Look Fashion Waves 07 (150ml);1352;;;
Redken Styling Signature Look Loose Endings 09 Cream (100ml);1353;;;
Redken Styling Signature Look Ruffle Up14 Gel (100ml);1354;;;
Redken Styling Straight Smooth Align 12 (150ml);1355;;;
Redken Styling Straight Two Smooth 03 (30ml);1356;;;
Redken Styling Texture Powder Grip 03 (7g);1357;;;
Redken Styling Texture Rewind 06 (150ml);1358;;;
Redken Styling Texture Rough Clay 20 (50ml);1359;;;
Redken Styling Texture Rough Paste 12 (75ml);1360;;;
Redken Styling Texture Wax Blast 10 (150ml);1361;;;
Redken Styling Volume Aerate 08 (91g);1362;;;
Redken Styling Volume Full Effect 04 (250ml);1363;;;
Redken Styling Volume Guts 10 (300ml);1364;;;
Redken Styling Volume Rootful 06 (250ml);1365;;;
Redken Styling Volume Thickening Lotion 06 (150ml);1366;;;
Redken Styling Volume Touch Control 05 (200ml);1367;;;
Tromborg Aroma Therapy Deluxe Herbal Foot Cream;1374;;;
Tromborg Aroma Therapy Deluxe Herbal Hand Cream;1375;;;
Tromborg Herbal Cleansing Oil (100ml);1376;;;
Tromborg Herbal Cleansing Water (200ml);1377;;;
Tromborg Cleansing Foam (150ml);1378;;;
Tromborg Facial Mist Calendula Water (100ml);1380;;;
Tromborg Facial Mist Lavender Water (100ml);1381;;;
Tromborg Deluxe Face Cream Day & Night Moisturizer (50ml);1382;;;
Tromborg Eye Gel (15ml);1383;;;
Tromborg Multi Vitamin Facial Mask (50ml);1384;;;
Tromborg Exfoliating Scrub Mask (50ml);1386;;;
Tromborg Exfoliating Scrub Mask (50ml);1387;;;
Tromborg Mud Mask Mineral-Rich (50ml);1388;;;
Tromborg Lip Balm (15ml);1390;;;
Tromborg Lip Balm Rose (15ml);1391;;;
Tromborg Lip Cure (15ml);1392;;;
Tromborg Deluxe Sun Protection Lip Cure SPF 20 (15ml);1393;;;
Tromborg Deluxe Face Sun Protection SPF 20 (100ml);1394;;;
Tromborg Deluxe Sun Protection SPF 15 (200ml);1395;;;
Tromborg Deluxe Sun Protection SPF 30 (200ml);1396;;;
Tromborg Deluxe Sun Protection SPF 15 TUBE (100ml);1397;;;
Tromborg Deluxe Sun Protection SPF 30 TUBE (100ml);1398;;;
Tromborg Deluxe Sun Protection SPF 50 TUBE (100ml);1399;;;
Tromborg Deluxe Herbal After Sun Cream (100ml);1400;;;
Tromborg Deluxe Self Tanning Cream (200ml);1401;;;
Tromborg Aroma Therapy Deluxe Soap Lavender (200ml);1402;;;
Tromborg Aroma Therapy Deluxe Soap Vanilla (200ml);1403;;;
Tromborg Aroma Therapy Deluxe Soap Ginger (200ml);1404;;;
Tromborg Deluxe Disinfection Hand Gel (100ml);1406;;;
Tromborg Nail Care Kit ;1407;;;
Tromborg Aroma Therapy Bath & Shower Wash Lavender (200ml);1408;;;
Tromborg Aroma Therapy Bath & Shower Wash Ginger (200ml);1409;;;
Tromborg Aroma Therapy Bath & Shower Wash Vanilla (200ml);1410;;;
Tromborg Bath Salt Vanilla (600ml);1411;;;
Tromborg Body Salt Scrub - Kiwi Mango (300g);1412;;;
Tromborg Body Salt Scrub - Lemongrass (300g);1413;;;
Tromborg Body Salt Scrub - Orange (300g);1414;;;
Tromborg Aroma Therapy Body Lotion (200ml);1415;;;
Tromborg Aroma Therapy Body Oil Mist Lavender (50ml);1416;;;
Tromborg Aroma Therapy Body Oil Mist Vanilla (50ml);1419;;;
Tromborg Aroma Therapy Body Oil Mist Ginger (50ml);1420;;;
Tromborg Aroma Therapy Face & Body Oil Ylang-Ylang (100ml);1421;;;
Tromborg Aroma Therapy Face & Body Oil Lavender-Rose Tree (100ml);1424;;;
Tromborg Aroma Therapy Face & Body Oil Grape-Ginger-Rose Tree (100ml);1425;;;
Tromborg Herbal & Vitamin Shampoo (200ml);1426;;;
Tromborg Eau De Toilette Cumulus (50ml);1430;;;
Tromborg Eau De Toilette Stratus (50ml);1431;;;
Tromborg Eau De Toilette Mood (50ml);1432;;;
Tromborg Eau De Toilette Dark Mood (50ml);1434;;;
Tromborg Anti-Aging Wrinkle Cream (50ml);1437;;;
Tromborg Anti-Aging Eye Cream (30ml);1438;;;
Tromborg Sun Primer - DNA Protection Cream (50ml);1439;;;
Tromborg Below 10 Degrees Cream (50ml);1440;;;
Tromborg Pure Control Cream (30ml);1441;;;
Tromborg Anti-Aging Wrinkle Serum;1442;;;
Tromborg Anti-Aging Glow Serum (15ml);1444;;;
Tromborg Anti-Aging Molecular Messenger Cream (50ml);1446;;;
Tromborg Mattifying Pore Control Cream (50ml);1448;;;
Kontaktformular 1;1461;;;
Wishlist;1462;;;