 Escentric Molecules - Escentric 01;770;http://stayfab.dk/wp-content/uploads/2015/05/770.jpg
 Eve Lom Intense Hydration Serum ;574;http://stayfab.dk/wp-content/uploads/2015/05/574.png
 Eve Lom Moisturizer SPF 15;579;http://stayfab.dk/wp-content/uploads/2015/05/579.jpg
 KMS California AddVolume Styling Foam;829;http://stayfab.dk/wp-content/uploads/2015/05/829.jpg
 KMS California CurlUp Bounce Back Spray;838;http://stayfab.dk/wp-content/uploads/2015/05/838.jpg
 KMS California HairPlay Gel Wax;862;http://stayfab.dk/wp-content/uploads/2015/05/862.jpg
 KMS California HeadRemedy Sensitive Shampoo;873;http://stayfab.dk/wp-content/uploads/2015/05/873.jpg
 KMS Freeshape 2-In-1 Styling + Finishing (200ml);848;http://stayfab.dk/wp-content/uploads/2015/05/848.jpg
 KMS HairPlay Makeover Spray;863;http://stayfab.dk/wp-content/uploads/2015/05/863.jpg
 KMS Moist Repair Therapy Treatment;874;http://stayfab.dk/wp-content/uploads/2015/05/874.jpg
 Korres Almond & Lineseed Hair Mask;813;http://stayfab.dk/wp-content/uploads/2015/05/813.jpg
 Korres Almond Oil & Shea Butter Hand Cream;824;http://stayfab.dk/wp-content/uploads/2015/05/824.jpg
 Korres Almond Oil & Vitamin C  Hand Cream;823;http://stayfab.dk/wp-content/uploads/2015/05/823.jpg
 Korres Black Pine Day Cream Normal Skin;783;http://stayfab.dk/wp-content/uploads/2015/05/783.jpg
 Korres Black Pine Day Cream Normal Skin;787;http://stayfab.dk/wp-content/uploads/2015/05/787.jpg
 Korres Black Pine Eye Cream ;785;http://stayfab.dk/wp-content/uploads/2015/05/785.jpg
 Korres Black Pine Serum ;786;http://stayfab.dk/wp-content/uploads/2015/05/786.jpg
 Korres Body Milk Basil Lemon ;802;http://stayfab.dk/wp-content/uploads/2015/05/802.jpg
 Korres Body Milk Vanilla-Cinnamon ;805;http://stayfab.dk/wp-content/uploads/2015/05/805.jpg
 Korres Magnolia Bark Night Cream ;788;http://stayfab.dk/wp-content/uploads/2015/05/788.jpg
 Korres Quince Lip Butter;815;http://stayfab.dk/wp-content/uploads/2015/05/815.jpg
 Korres Sunflower & Tea Conditioner;812;http://stayfab.dk/wp-content/uploads/2015/05/812.jpg
 Korres Wild Rose Cream Oily/Combination;789;http://stayfab.dk/wp-content/uploads/2015/05/789.jpg
 Korres Wild Rose Cream24-hour Moisturising Cream;790;http://stayfab.dk/wp-content/uploads/2015/05/790.jpg
 Korres Wild Rose Lip Butter;816;http://stayfab.dk/wp-content/uploads/2015/05/816.jpg
 Korres Wild Rose Mas;792;http://stayfab.dk/wp-content/uploads/2015/05/792.jpg
 MOROCCANOIL® Curl Defining Cream;896;http://stayfab.dk/wp-content/uploads/2015/05/896.jpg
 MOROCCANOIL® Glimmer Shine Spray (50ml);905;http://stayfab.dk/wp-content/uploads/2015/05/905.jpg
 MOROCCANOIL® Intense Curl Creme;912;http://stayfab.dk/wp-content/uploads/2015/05/912.jpg
 MOROCCANOIL® Light Olie ;915;http://stayfab.dk/wp-content/uploads/2015/05/915.jpg
 MOROCCANOIL® Restorative Hair Mask;925;http://stayfab.dk/wp-content/uploads/2015/05/925.jpg
 Murad AHA/BHA Exfoliating Cleanser;540;http://stayfab.dk/wp-content/uploads/2015/05/540.jpg
 Murad Refreshing Cleanser ;551;http://stayfab.dk/wp-content/uploads/2015/05/551.jpg
 Rodial Dragon's Blood Eye Gel;609;http://stayfab.dk/wp-content/uploads/2015/05/609.jpg
 Rodial Dragon's Blood Hyaluronic Moisturiser;608;http://stayfab.dk/wp-content/uploads/2015/05/608.jpg
 Rodial dragon's blood hyaluronic night cream;607;http://stayfab.dk/wp-content/uploads/2015/05/607.jpg
 Rodial Dragon's Blood Hyaluronic Toning Spritz;606;http://stayfab.dk/wp-content/uploads/2015/05/606.jpg
 Rodial glamstick (Bang);636;http://stayfab.dk/wp-content/uploads/2015/05/636.jpg
 Rodial Glamtox(TM) Day SPF15;619;http://stayfab.dk/wp-content/uploads/2015/05/619.jpg
 Rodial Glamtox(TM) Night;620;http://stayfab.dk/wp-content/uploads/2015/05/620.jpg
 Rodial Glamtoxy(TM) Snake Serum;622;http://stayfab.dk/wp-content/uploads/2015/05/622.jpg
 Rosebud Mentholated Salve;763;http://stayfab.dk/wp-content/uploads/2015/05/763.jpg
 Rosebud Mocha Rose Salve;766;http://stayfab.dk/wp-content/uploads/2015/05/766.jpg
 Rosebud Salve;762;http://stayfab.dk/wp-content/uploads/2015/05/762.jpg
 Rosebud Strawberry Lip Balm;765;http://stayfab.dk/wp-content/uploads/2015/05/765.jpg
 Sachajuan Body Wash Ginger Flower;739;http://stayfab.dk/wp-content/uploads/2015/05/739.png
 Sachajuan Conditioner Colour Save;716;http://stayfab.dk/wp-content/uploads/2015/05/716.jpg
 Sachajuan Conditioner Dry ;714;http://stayfab.dk/wp-content/uploads/2015/05/714.jpg
 Sachajuan Conditioner Intensive Repair ;710;http://stayfab.dk/wp-content/uploads/2015/05/710.jpg
 Sachajuan Conditioner Normal;712;http://stayfab.dk/wp-content/uploads/2015/05/712.jpg
 Sachajuan Conditioner Volume;718;http://stayfab.dk/wp-content/uploads/2015/05/718.jpg
 Sachajuan Hair Mousse;732;http://stayfab.dk/wp-content/uploads/2015/05/732.jpg
 Sachajuan Hair Paste ;735;http://stayfab.dk/wp-content/uploads/2015/05/735.jpg
 Sachajuan Hair Wax;734;http://stayfab.dk/wp-content/uploads/2015/05/734.jpg
 Sachajuan Leave in Conditioner;720;http://stayfab.dk/wp-content/uploads/2015/05/720.jpg
 Sachajuan Shampoo Colour Save;715;http://stayfab.dk/wp-content/uploads/2015/05/715.jpg
 Sachajuan Shampoo Volume ;717;http://stayfab.dk/wp-content/uploads/2015/05/717.jpg
 Sachajuan Shine Spray ;737;http://stayfab.dk/wp-content/uploads/2015/05/737.jpg
 Sebastian Penetraitt Strengthening and Repair Conditioner ;949;http://stayfab.dk/wp-content/uploads/2015/05/949.jpg
 Zarkoperfume MOLéCULE No. 8;754;http://stayfab.dk/wp-content/uploads/2015/05/754.jpg
Acai Anti-stress Facial Cream (25ml);1244;http://stayfab.dk/wp-content/uploads/2015/05/1244.png
Acai Body Balm (75ml);1251;http://stayfab.dk/wp-content/uploads/2015/05/1251.jpg
Acne & Bumser;200;http://stayfab.dk/wp-content/uploads/2015/05/200.jpg
Alterna Bamboo 48-hour Volume Spray (125ml);1175;http://stayfab.dk/wp-content/uploads/2015/05/1175.jpg
Alterna Bamboo 48-hour Volume Spray (125ml);1186;http://stayfab.dk/wp-content/uploads/2015/05/1186.jpg
Alterna Bamboo 48-hour Volume Spray (125ml);1198;http://stayfab.dk/wp-content/uploads/2015/05/1198.jpg
Alterna Bamboo Color Care Conditioner (250ml);1178;http://stayfab.dk/wp-content/uploads/2015/05/1178.jpg
Alterna Bamboo Color Care Fluide (75ml);1177;http://stayfab.dk/wp-content/uploads/2015/05/1177.jpg
Alterna Bamboo Color Care Fluide (75ml);1188;http://stayfab.dk/wp-content/uploads/2015/05/1188.jpg
Alterna Bamboo Color Care Rehab Masque (150ml);1172;http://stayfab.dk/wp-content/uploads/2015/05/1172.png
Alterna Bamboo Color Care Rehab Masque (150ml);1195;http://stayfab.dk/wp-content/uploads/2015/05/1195.jpg
Alterna Bamboo Color Care Shampoo (250ml);1174;http://stayfab.dk/wp-content/uploads/2015/05/1174.jpg
Alterna Bamboo Color Care Shampoo (250ml);1185;http://stayfab.dk/wp-content/uploads/2015/05/1185.jpg
Alterna Bamboo Color Care Shampoo (250ml);1197;http://stayfab.dk/wp-content/uploads/2015/05/1197.jpg
Alterna Bamboo Shine Cream (125ml);1190;http://stayfab.dk/wp-content/uploads/2015/05/1190.jpg
Alterna Bamboo Shine Mist (100ml);1173;http://stayfab.dk/wp-content/uploads/2015/05/1173.jpg
Alterna Bamboo Shine Mist (100ml);1196;http://stayfab.dk/wp-content/uploads/2015/05/1196.jpg
Alterna Bamboo Shine Mist 100 ml;1184;http://stayfab.dk/wp-content/uploads/2015/05/1184.jpg
Alterna Bamboo Shine Shampoo (250ml);1163;http://stayfab.dk/wp-content/uploads/2015/05/1163.jpg
Alterna Bamboo Smooth Anti-Breakage Spray (125ml);1164;http://stayfab.dk/wp-content/uploads/2015/05/1164.jpg
Alterna Bamboo Smooth Conditioner (250ml);1199;http://stayfab.dk/wp-content/uploads/2015/05/1199.jpg
Alterna Bamboo Smooth Dry Oil Mist (125ml);1150;http://stayfab.dk/wp-content/uploads/2015/05/1150.jpg
Alterna Bamboo Smooth Shampoo (250ml);1169;http://stayfab.dk/wp-content/uploads/2015/05/1169.jpg
Alterna Bamboo Style Boho Waves Tousled Texture Spray (125ml);1159;http://stayfab.dk/wp-content/uploads/2015/05/1159.jpg
Alterna Bamboo Style Form Ultra-Hold Sculpting Clay (50g);1154;http://stayfab.dk/wp-content/uploads/2015/05/1154.jpg
Alterna Bamboo Style Freestyle Flexible Control Gel (125ml);1170;http://stayfab.dk/wp-content/uploads/2015/05/1170.jpg
Alterna Bamboo Style Freestyle Flexible Control Gel (125ml);1179;http://stayfab.dk/wp-content/uploads/2015/05/1179.jpg
Alterna Bamboo Style Shape moldable Texturizing Paste;1200;http://stayfab.dk/wp-content/uploads/2015/05/1200.jpg
Alterna Bamboo Style Super Natural Curl Shaping and Defining Cream (125ml);1192;http://stayfab.dk/wp-content/uploads/2015/05/1192.jpg
Alterna Bamboo Style Texturizing Body Boost Volume and Definition Dust;1165;http://stayfab.dk/wp-content/uploads/2015/05/1165.jpg
Alterna Bamboo Volume Conditioner (250ml);1171;http://stayfab.dk/wp-content/uploads/2015/05/1171.jpg
Alterna Bamboo Volume Conditioner (250ml);1194;http://stayfab.dk/wp-content/uploads/2015/05/1194.jpg
Alterna Bamboo Volume Mousse (150ml);1191;http://stayfab.dk/wp-content/uploads/2015/05/1191.jpg
Alterna Bamboo Volume Plumping Stand Expand (100ml);1176;http://stayfab.dk/wp-content/uploads/2015/05/1176.jpg
Alterna Bamboo Volume Plumping Stand Expand (100ml);1187;http://stayfab.dk/wp-content/uploads/2015/05/1187.jpg
Alterna Bamboo Volume Shampoo (250ml);1202;http://stayfab.dk/wp-content/uploads/2015/05/1202.jpg
Alterna Caviar 3-Minute Shine Boost (150ml);1167;http://stayfab.dk/wp-content/uploads/2015/05/1167.jpg
Alterna Caviar Blonde Beauty Balm (125ml);1193;http://stayfab.dk/wp-content/uploads/2015/05/1193.jpg
Alterna Caviar Bodybuilding Volume Conditioner (250ml);1160;http://stayfab.dk/wp-content/uploads/2015/05/1160.jpg
Alterna Caviar Bodybuilding Volume Conditioner (250ml);1181;http://stayfab.dk/wp-content/uploads/2015/05/1181.jpg
Alterna Caviar Bodybuilding Volume Shampoo (250ml);1155;http://stayfab.dk/wp-content/uploads/2015/05/1155.jpg
Alterna Caviar Brightening Blonde Shampoo (250ml);1156;http://stayfab.dk/wp-content/uploads/2015/05/1156.jpg
Alterna Caviar Full Body Volume Créme (75ml);1183;http://stayfab.dk/wp-content/uploads/2015/05/1183.jpg
Alterna Caviar Hair Masque (150ml);1182;http://stayfab.dk/wp-content/uploads/2015/05/1182.jpg
Alterna Caviar Overnight Hair Rescue (100ml);1161;http://stayfab.dk/wp-content/uploads/2015/05/1161.jpg
Alterna Caviar Rapid Repair Spray (100ml);1162;http://stayfab.dk/wp-content/uploads/2015/05/1162.jpg
Alterna Caviar Replenishing Moisture Shampoo (250ml);1166;http://stayfab.dk/wp-content/uploads/2015/05/1166.jpg
Alterna Caviar Seasilk Oil Gel (100ml);1157;http://stayfab.dk/wp-content/uploads/2015/05/1157.jpg
Alterna Caviar Styling Prep (200ml);1189;http://stayfab.dk/wp-content/uploads/2015/05/1189.png
Alterna Ten Conditioner (200ml);1168;http://stayfab.dk/wp-content/uploads/2015/05/1168.jpg
Alterna Ten Hair Masque (150ml);1158;http://stayfab.dk/wp-content/uploads/2015/05/1158.jpg
Alterna Ten Shampoo (250ml);1201;http://stayfab.dk/wp-content/uploads/2015/05/1201.jpg
American Crew 24-Hour Deodorant Body Wash ;973;http://stayfab.dk/wp-content/uploads/2015/05/973.jpg
American Crew 3-In-1 Shampoo;974;http://stayfab.dk/wp-content/uploads/2015/05/974.jpg
American Crew Alternator Finishing Spray;975;http://stayfab.dk/wp-content/uploads/2015/05/975.jpg
American Crew Boost Cream;976;http://stayfab.dk/wp-content/uploads/2015/05/976.jpg
American Crew Boost Powder 10 g;977;http://stayfab.dk/wp-content/uploads/2015/05/977.jpg
American Crew Classic Body Wash ;978;http://stayfab.dk/wp-content/uploads/2015/05/978.jpg
American Crew Classic Gray Shampoo;979;http://stayfab.dk/wp-content/uploads/2015/05/979.jpg
American Crew Curl Construct;980;http://stayfab.dk/wp-content/uploads/2015/05/980.jpg
American Crew Daily Moisturizing Shampoo ;981;http://stayfab.dk/wp-content/uploads/2015/05/981.jpg
American Crew Defining Paste voks;982;http://stayfab.dk/wp-content/uploads/2015/05/982.jpg
American Crew Fiber voks;984;http://stayfab.dk/wp-content/uploads/2015/05/984.jpg
American Crew Firm Hold Styling Gel ;989;http://stayfab.dk/wp-content/uploads/2015/05/989.jpg
American Crew Forming Cream voks;985;http://stayfab.dk/wp-content/uploads/2015/05/985.jpg
American Crew Grooming Cream voks;986;http://stayfab.dk/wp-content/uploads/2015/05/986.jpg
American Crew Grooming Spray ;990;http://stayfab.dk/wp-content/uploads/2015/05/990.jpg
American Crew Hair Recovery + Thickening Shampoo;991;http://stayfab.dk/wp-content/uploads/2015/05/991.jpg
American Crew Light Hold Styling Gel;992;http://stayfab.dk/wp-content/uploads/2015/05/992.jpg
American Crew Molding Clay voks;987;http://stayfab.dk/wp-content/uploads/2015/05/987.jpg
American Crew Pomade voks;988;http://stayfab.dk/wp-content/uploads/2015/05/988.jpg
American Crew Power Cleanser Style Remover;993;http://stayfab.dk/wp-content/uploads/2015/05/993.jpg
American Crew Shave Moisturizing Shave Cream;996;http://stayfab.dk/wp-content/uploads/2015/05/996.jpg
American Crew Shave Post-Shave Cooling Lotion;997;http://stayfab.dk/wp-content/uploads/2015/05/997.jpg
American Crew Shave Precision Shave Gel ;998;http://stayfab.dk/wp-content/uploads/2015/05/998.jpg
American Crew Superglue;994;http://stayfab.dk/wp-content/uploads/2015/05/994.jpg
American Crew Ultra Gliding Shave Oil Men ;999;http://stayfab.dk/wp-content/uploads/2015/05/999.jpg
American Crew Ultramatte;995;http://stayfab.dk/wp-content/uploads/2015/05/995.jpg
Bodywash & Showergel;212;http://stayfab.dk/wp-content/uploads/2015/05/212.jpg
Caudaile Divine Enhancing Dry Oil (100 ML);680;http://stayfab.dk/wp-content/uploads/2015/05/680.jpg
Caudaile Fresh Energizing Fragrance, Fleur De Vigne;688;http://stayfab.dk/wp-content/uploads/2015/05/688.jpg
Caudalie Anti-Aging Face Suncare SPF30 High UVB Protetion;677;http://stayfab.dk/wp-content/uploads/2015/05/677.jpg
Caudalie Beauty Elixir (100 ML);667;http://stayfab.dk/wp-content/uploads/2015/05/667.jpg
Caudalie Beauty Elixir (100 ML);671;http://stayfab.dk/wp-content/uploads/2015/05/671.jpg
Caudalie Crushed Cabernet Scrub;683;http://stayfab.dk/wp-content/uploads/2015/05/683.jpg
Caudalie Deep Cleansing Exfoliator;661;http://stayfab.dk/wp-content/uploads/2015/05/661.jpg
Caudalie Divine Enhancing Dry Oil (50 ML);681;http://stayfab.dk/wp-content/uploads/2015/05/681.jpg
Caudalie Divine Legs;682;http://stayfab.dk/wp-content/uploads/2015/05/682.jpg
Caudalie Divine Scrub;679;http://stayfab.dk/wp-content/uploads/2015/05/679.jpg
Caudalie Fleur De Vigne Instant Foaming Cleanser;664;http://stayfab.dk/wp-content/uploads/2015/05/664.jpg
Caudalie Fresh Energizing Fragrance, Figue De Vigne;687;http://stayfab.dk/wp-content/uploads/2015/05/687.jpg
Caudalie Fresh Energizing Fragrance, Zeste De Vigne;690;http://stayfab.dk/wp-content/uploads/2015/05/690.jpg
Caudalie Fresh Engerizing Fragrance, Thè Des Vignes;691;http://stayfab.dk/wp-content/uploads/2015/05/691.jpg
Caudalie Gentle Buffing Cream;660;http://stayfab.dk/wp-content/uploads/2015/05/660.jpg
Caudalie Gentle Cleasing milk;662;http://stayfab.dk/wp-content/uploads/2015/05/662.jpg
Caudalie Grape Water;665;http://stayfab.dk/wp-content/uploads/2015/05/665.jpg
Caudalie Hand And Nail Cream;686;http://stayfab.dk/wp-content/uploads/2015/05/686.jpg
Caudalie Make-Up Remover Cleansing Water;663;http://stayfab.dk/wp-content/uploads/2015/05/663.jpg
Caudalie Maxi Cleansing Milk;670;http://stayfab.dk/wp-content/uploads/2015/05/670.jpg
Caudalie Maxi Cleansing Water;669;http://stayfab.dk/wp-content/uploads/2015/05/669.jpg
Caudalie Maxi Moisturizing Toning Lotion;672;http://stayfab.dk/wp-content/uploads/2015/05/672.jpg
Caudalie Moisturizing Toner;666;http://stayfab.dk/wp-content/uploads/2015/05/666.jpg
Caudalie Nourishing Body Lotion;684;http://stayfab.dk/wp-content/uploads/2015/05/684.jpg
Caudalie Parfum Divin De Caudalie ;678;http://stayfab.dk/wp-content/uploads/2015/05/678.jpg
Caudalie Polyhenol C15 Anti-Wrinkle Protect Fluid SPF20;650;http://stayfab.dk/wp-content/uploads/2015/05/650.jpg
Caudalie Polyphenol C15 Anti-Wrinkle Defence Serum;649;http://stayfab.dk/wp-content/uploads/2015/05/649.jpg
Caudalie Polyphenol C15 Eye And Lip Cream;651;http://stayfab.dk/wp-content/uploads/2015/05/651.jpg
Caudalie Polyphenol C15 Overnight Detox Oil;652;http://stayfab.dk/wp-content/uploads/2015/05/652.jpg
Caudalie Premier Cru The Elixir;645;http://stayfab.dk/wp-content/uploads/2015/05/645.jpg
Caudalie Premier Cru Ultimate Aanti-Ageing Cream;646;http://stayfab.dk/wp-content/uploads/2015/05/646.jpg
Caudalie Premier Cru Ultimate Anti-Aging Eye Cream;647;http://stayfab.dk/wp-content/uploads/2015/05/647.jpg
Caudalie Premier Cru Ultimate Anti-aging Rich Cream;648;http://stayfab.dk/wp-content/uploads/2015/05/648.jpg
Caudalie Premiéres Vendanges Moisturizing Cream ;668;http://stayfab.dk/wp-content/uploads/2015/05/668.jpg
Caudalie Vinaxpert Night Infusion Cream;644;http://stayfab.dk/wp-content/uploads/2015/05/644.jpg
Caudalie Vine Body Butter;685;http://stayfab.dk/wp-content/uploads/2015/05/685.jpg
Caudalie Vinexpert Broad Spectrum SPF 15 Radiance Day Cream;643;http://stayfab.dk/wp-content/uploads/2015/05/643.jpg
Caudalie Vinexpert Broad Spectum SPF 15 Radiance Day Fluid;642;http://stayfab.dk/wp-content/uploads/2015/05/642.jpg
Caudalie Vinexpert Eye and Lip Serum ;641;http://stayfab.dk/wp-content/uploads/2015/05/641.jpg
Caudalie Vinexpert Firming Serum;640;http://stayfab.dk/wp-content/uploads/2015/05/640.jpg
Caudalie Vinoperfect Cell Renewal Night Cream;676;http://stayfab.dk/wp-content/uploads/2015/05/676.jpg
Caudalie Vinoperfect Day Perfecting cream SPF 15;675;http://stayfab.dk/wp-content/uploads/2015/05/675.jpg
Caudalie Vinoperfect Radiance Revealing Mask;673;http://stayfab.dk/wp-content/uploads/2015/05/673.jpg
Caudalie Vinoperfect Radiance Serum Complexion Correction ;674;http://stayfab.dk/wp-content/uploads/2015/05/674.jpg
Caudalie Vinosource Intense Moiusture Rescue Cream;658;http://stayfab.dk/wp-content/uploads/2015/05/658.jpg
Caudalie Vinosource Moisture Recovery Cream;657;http://stayfab.dk/wp-content/uploads/2015/05/657.jpg
Caudalie Vinosource Moisturizing Matifying Fluid;655;http://stayfab.dk/wp-content/uploads/2015/05/655.jpg
Caudalie Vinosource Moisturizing Sorbet;656;http://stayfab.dk/wp-content/uploads/2015/05/656.jpg
Caudalie Vinosource Overnight Recovery oil;659;http://stayfab.dk/wp-content/uploads/2015/05/659.jpg
Caudalie Vinosource S.O.S Morning Eye Rescue;654;http://stayfab.dk/wp-content/uploads/2015/05/654.jpg
Caudalie Vinosource S.O.S Thist Quenching Serum;653;http://stayfab.dk/wp-content/uploads/2015/05/653.jpg
Decléor  Aromessence Hands & Nails Strengthening Serum (15ml);1113;http://stayfab.dk/wp-content/uploads/2015/05/1113.jpg
Murad Age-Balancing Night Cream;526;http://stayfab.dk/wp-content/uploads/2015/05/526.jpg
Murad AHA/BHA Exfoliating Cleanser;552;http://stayfab.dk/wp-content/uploads/2015/05/552.jpg
Murad AHA/BHA Exfoliating Cleanser 355ml;543;http://stayfab.dk/wp-content/uploads/2015/05/543.jpg
Murad Anti-Aging Moisturizer SPF 20;532;http://stayfab.dk/wp-content/uploads/2015/05/532.jpg
Murad Blemish & Wrinkle Reducer;531;http://stayfab.dk/wp-content/uploads/2015/05/531.jpg
Murad Blemish Body Wash;556;http://stayfab.dk/wp-content/uploads/2015/05/556.jpg
Murad Clarifying Bonus Cleanser 355 ML;545;http://stayfab.dk/wp-content/uploads/2015/05/545.jpg
Murad Clarifying Cleanser;553;http://stayfab.dk/wp-content/uploads/2015/05/553.jpg
Murad Clarifying Toner;555;http://stayfab.dk/wp-content/uploads/2015/05/555.jpg
Murad Clarifying Wipes;539;http://stayfab.dk/wp-content/uploads/2015/05/539.jpg
Murad Cleansing Shave;537;http://stayfab.dk/wp-content/uploads/2015/05/537.jpg
Murad Correcting Moisturizer SPF 15;527;http://stayfab.dk/wp-content/uploads/2015/05/527.jpg
Murad Essential-C Bonus Cleanser 355 ML;544;http://stayfab.dk/wp-content/uploads/2015/05/544.jpg
Murad Essential-C Cleanse;547;http://stayfab.dk/wp-content/uploads/2015/05/547.jpg
Murad Essential-C Day Moisture SPF 30;523;http://stayfab.dk/wp-content/uploads/2015/05/523.jpg
Murad Essential-C Eye Cream SPF 15;525;http://stayfab.dk/wp-content/uploads/2015/05/525.jpg
Murad Essential-C Night Moisture;524;http://stayfab.dk/wp-content/uploads/2015/05/524.jpg
Murad Essential-C toner;548;http://stayfab.dk/wp-content/uploads/2015/05/548.jpg
Murad Face Defense® SPF 15;534;http://stayfab.dk/wp-content/uploads/2015/05/534.jpg
Murad Hydro-Dynamic Ultimate Moisture for eyes;519;http://stayfab.dk/wp-content/uploads/2015/05/519.jpg
Murad Hydro-Dynamic® Ultimate Moisture;520;http://stayfab.dk/wp-content/uploads/2015/05/520.jpg
Murad Instant Radiance Eye Cream;518;http://stayfab.dk/wp-content/uploads/2015/05/518.jpg
Murad Oil-Control Mattifier SPF 15;530;http://stayfab.dk/wp-content/uploads/2015/05/530.jpg
Murad Perfecting Day Cream SPF 30;521;http://stayfab.dk/wp-content/uploads/2015/05/521.jpg
Murad Perfecting Night Cream;522;http://stayfab.dk/wp-content/uploads/2015/05/522.jpg
Murad Pore & Line Minizing Hydrator;533;http://stayfab.dk/wp-content/uploads/2015/05/533.jpg
Murad Pore Reform Balancing Moisturizer Broad Spectrum SPF 15 PA;535;http://stayfab.dk/wp-content/uploads/2015/05/535.jpg
Murad Pore Reform Daily Cleansing Foam;549;http://stayfab.dk/wp-content/uploads/2015/05/549.jpg
Murad Razor Burn Rescue®;536;http://stayfab.dk/wp-content/uploads/2015/05/536.jpg
Murad Resurgence Hydrating Toner;546;http://stayfab.dk/wp-content/uploads/2015/05/546.jpg
Murad Resurgence Renewing Cleansing Cream;538;http://stayfab.dk/wp-content/uploads/2015/05/538.jpg
Murad Resurgence Renewing Cleansing Oil;542;http://stayfab.dk/wp-content/uploads/2015/05/542.jpg
Murad Sensitive Skin Soothing Serum®;528;http://stayfab.dk/wp-content/uploads/2015/05/528.jpg
Murad Skin Perfecting Lotion ;529;http://stayfab.dk/wp-content/uploads/2015/05/529.jpg
Murad Soothing Gel Cleanser ;550;http://stayfab.dk/wp-content/uploads/2015/05/550.jpg
Murad Time Release Blemish Cleanser;554;http://stayfab.dk/wp-content/uploads/2015/05/554.jpg
