ID;post_title;post_type
481;Dermalogica clean bar (142g);product
479;Dermalogica ultra sensitive tint spf30 (50ml);product
480;Dermalogica ultra sensitive tint spf30 (50ml);product
464;Dermalogica active moist (100ml);product
470;Dermalogica barrier repair (30ml);product
465;Dermalogica active moist (50ml);product
568;Eve Lom Cleanser (50 ml);product
466;Dermalogica skin smoothing cream (100ml);product
467;Dermalogica skin smoothing cream (50ml);product
468;Dermalogica intensive moisture balance (100ml);product
469;Dermalogica intensive moisture balance (50ml);product
471;Dermalogcia daily defense spf15 (100ml);product
472;Dermalogica dynamic skin recovery spf50 (50ml);product
473;Dermalogica oil control lotion (59ml);product
474;Dermalogica oil free matte spf30 (50ml);product
475;Dermalogica pure light spf30 (50ml);product
476;Dermalogica pure night (50ml);product
477;Dermalogica super rich repair (50ml);product
482;Dermalogica clean bar (142g) inkl. etui;product
483;Dermalogica clearing skin wash (250ml);product
484;Dermalogica clearing skin wash (500ml);product
485;Dermalogica dermal clay cleanser (250ml);product
486;Dermalogica dermal clay cleanser (500ml);product
487;Dermalogica essential cleansing solution (250ml);product
488;Dermalogica essential cleansing solution (500ml);product
489;Dermalogica precleanse (150ml);product
490;Dermalogica precleanse wipes (20stk);product
491;Dermalogica skin purifying wipes (20stk);product
492;Dermalogica skin resurfacing cleanser (150ml);product
493;Dermalogica special cleansing gel (250ml);product
495;Dermalogica the sponge cloth;product
496;Dermalogica tri-active cleanse (150ml);product
497;Dermalogica ultracalming cleanser (250ml);product
498;Dermalogica ultracalming cleanser (500ml);product
499;dermalogica age reversal eye complex (15ml);product
500;Dermalogica intensive eye repair (15ml);product
501;Dermalogica multivitamin power firm (15ml);product
502;Dermalogica soothing eye make-up remover (118ml);product
503;Dermalogica total eye care spf15 (15ml);product
504;Dermalogica ultrasmoothing eye serum (15ml);product
505;Dermalogica after sun repair (100ml);product
506;Dermalogica protection 50 sport SPF50 (156ml);product
507;Dermalogica multivitamin power recovery masque (75ml);product
508;Dermalogica sebum clearing masque (75ml);product
509;Dermalogica skin hydrating masque (75ml);product
510;Dermalogica skin refining masque (75ml);product
512;Dermalogica close shave oil (30ml);product
514;Dermalogica invigorating shave gel (180ml);product
515;Dermalogica post-shave balm (50ml);product
516;Dermalogica pre-shave guard (74g);product
518;Murad Instant Radiance Eye Cream;product
519;Murad Hydro-Dynamic Ultimate Moisture for eyes;product
520;Murad Hydro-Dynamic® Ultimate Moisture;product
521;Murad Perfecting Day Cream SPF 30;product
522;Murad Perfecting Night Cream;product
523;Murad Essential-C Day Moisture SPF 30;product
524;Murad Essential-C Night Moisture;product
525;Murad Essential-C Eye Cream SPF 15;product
526;Murad Age-Balancing Night Cream;product
527;Murad Correcting Moisturizer SPF 15;product
528;Murad Sensitive Skin Soothing Serum®;product
529;Murad Skin Perfecting Lotion ;product
530;Murad Oil-Control Mattifier SPF 15;product
531;Murad Blemish & Wrinkle Reducer;product
532;Murad Anti-Aging Moisturizer SPF 20;product
533;Murad Pore & Line Minizing Hydrator;product
534;Murad Face Defense® SPF 15;product
535;Murad Pore Reform Balancing Moisturizer Broad Spectrum SPF 15 PA;product
536;Murad Razor Burn Rescue®;product
537;Murad Cleansing Shave;product
538;Murad Resurgence Renewing Cleansing Cream;product
539;Murad Clarifying Wipes;product
540; Murad AHA/BHA Exfoliating Cleanser;product
542;Murad Resurgence Renewing Cleansing Oil;product
543;Murad AHA/BHA Exfoliating Cleanser 355ml;product
544;Murad Essential-C Bonus Cleanser 355 ML;product
545;Murad Clarifying Bonus Cleanser 355 ML;product
546;Murad Resurgence Hydrating Toner;product
547;Murad Essential-C Cleanse;product
548;Murad Essential-C toner;product
549;Murad Pore Reform Daily Cleansing Foam;product
550;Murad Soothing Gel Cleanser ;product
551; Murad Refreshing Cleanser ;product
552;Murad AHA/BHA Exfoliating Cleanser;product
553;Murad Clarifying Cleanser;product
554;Murad Time Release Blemish Cleanser;product
555;Murad Clarifying Toner;product
556;Murad Blemish Body Wash;product
640;Caudalie Vinexpert Firming Serum;product
571;Eve lom Cleanser (100 ML);product
572;Eve Lom Cleanser (200 ML);product
573;Eve Lom Morning Cleanser (125 ml);product
574; Eve Lom Intense Hydration Serum ;product
575;Eve Lom Intense Firming Serum ;product
576;Eve Lom Age Defying Smoothing Treatment;product
577;Eve Lom Dynaspot;product
578;Eve Lom Daily Protection SPF 50;product
579; Eve Lom Moisturizer SPF 15;product
580;Eve Lom TLC Radiance Cream;product
581;Eve Lom TLC Cream (Nat);product
582;Eve Lom Day Cream;product
583;Eve Lom Eye Lift 15 ml;product
584;Eve Lom Eye Cream ;product
585;Eve Lom Kiss Mix;product
586;Eve lom Rescue Mask (50 ml);product
587;Eve Lom Rescue Mask (100 ml);product
588;Eve Lom Moisture Mask;product
590;Eve Lom Hand cream SPF 15;product
591;Eve Lom Cuticle Cream;product
826;KMS California AddVolume Body Build Detangler;product
593;Rodial Cougar Skin Zero Gravity Booster;product
594;Rodial Cougar Skin Zero Gravity Cream ;product
595;Rodial Chin and Neck Lift ;product
596;Rodial super Acids 3 Step At Home Peel;product
597;Rodial X-treme Acid Rush Peel;product
598;Rodial Super Acids X-Treme After-Party scrub;product
599;Rodial X-treme Hangover Mask ;product
600;Rodial Super Acids X-Treme Pore Shrink Cleansing Pads;product
601;Rodial X-treme Dark Spot Sun Filter ;product
602;Rodial bee venom eye;product
603;Rodial Bee Venom Super Serum ;product
604;Rodial bee venom moisturiser;product
605;Rodial Dragon's Blood Cleansing Water;product
606; Rodial Dragon's Blood Hyaluronic Toning Spritz;product
607; Rodial dragon's blood hyaluronic night cream;product
608; Rodial Dragon's Blood Hyaluronic Moisturiser;product
609; Rodial Dragon's Blood Eye Gel;product
611;Rodial Dragon's Blood Hyaluronic Mask;product
612;Rodial Stemcell Super-Food Facial Oil;product
613;Rodial Stemcell Super-Food Cleanser;product
614;Radial Stemcell Super-Food Day Cream SPF15;product
615;Rodial Stemcell Super-Food Hand Cream;product
616;Rodial Glam Balm Multi;product
617;Rodial Glam Balm Lip SPF15;product
618;Rodial Rodial Glamtox Cleansing Balm;product
619; Rodial Glamtox(TM) Day SPF15;product
620; Rodial Glamtox(TM) Night;product
621;Rodial SPF glamtox(TM);product
622; Rodial Glamtoxy(TM) Snake Serum;product
624;Rodial Glamoxy 15% Fruit Acid Exfoliating Pads;product
625;Rodial Cougar Skin Zero Gravity Body Serum;product
626;Rodial Superfit Size Zero(TM);product
627;Rodial Superfit Arm Sculpt(TM);product
628;Rodial Superfit Tummy Tuck;product
631;Rodial Instaglam Skin Tint;product
632;Rodial Instaglam Skin Tint (medium);product
633;Rodial Instaglam Skin Tint (dark);product
634;Rodial Instaglam Eye ;product
635;Rodial Instaglam Eye (medium);product
636; Rodial glamstick (Bang);product
637;Rodial glamstick (Blow);product
638;Rodial glamstick (Wet);product
639;Rodial glamstick (Revenge);product
641;Caudalie Vinexpert Eye and Lip Serum ;product
642;Caudalie Vinexpert Broad Spectum SPF 15 Radiance Day Fluid;product
643;Caudalie Vinexpert Broad Spectrum SPF 15 Radiance Day Cream;product
644;Caudalie Vinaxpert Night Infusion Cream;product
645;Caudalie Premier Cru The Elixir;product
646;Caudalie Premier Cru Ultimate Aanti-Ageing Cream;product
647;Caudalie Premier Cru Ultimate Anti-Aging Eye Cream;product
648;Caudalie Premier Cru Ultimate Anti-aging Rich Cream;product
649;Caudalie Polyphenol C15 Anti-Wrinkle Defence Serum;product
650;Caudalie Polyhenol C15 Anti-Wrinkle Protect Fluid SPF20;product
651;Caudalie Polyphenol C15 Eye And Lip Cream;product
652;Caudalie Polyphenol C15 Overnight Detox Oil;product
653;Caudalie Vinosource S.O.S Thist Quenching Serum;product
654;Caudalie Vinosource S.O.S Morning Eye Rescue;product
655;Caudalie Vinosource Moisturizing Matifying Fluid;product
656;Caudalie Vinosource Moisturizing Sorbet;product
657;Caudalie Vinosource Moisture Recovery Cream;product
658;Caudalie Vinosource Intense Moiusture Rescue Cream;product
659;Caudalie Vinosource Overnight Recovery oil;product
660;Caudalie Gentle Buffing Cream;product
661;Caudalie Deep Cleansing Exfoliator;product
662;Caudalie Gentle Cleasing milk;product
663;Caudalie Make-Up Remover Cleansing Water;product
664;Caudalie Fleur De Vigne Instant Foaming Cleanser;product
665;Caudalie Grape Water;product
666;Caudalie Moisturizing Toner;product
667;Caudalie Beauty Elixir (100 ML);product
668;Caudalie Premiéres Vendanges Moisturizing Cream ;product
669;Caudalie Maxi Cleansing Water;product
670;Caudalie Maxi Cleansing Milk;product
671;Caudalie Beauty Elixir (100 ML);product
672;Caudalie Maxi Moisturizing Toning Lotion;product
673;Caudalie Vinoperfect Radiance Revealing Mask;product
674;Caudalie Vinoperfect Radiance Serum Complexion Correction ;product
675;Caudalie Vinoperfect Day Perfecting cream SPF 15;product
676;Caudalie Vinoperfect Cell Renewal Night Cream;product
677;Caudalie Anti-Aging Face Suncare SPF30 High UVB Protetion;product
678;Caudalie Parfum Divin De Caudalie ;product
679;Caudalie Divine Scrub;product
680;Caudaile Divine Enhancing Dry Oil (100 ML);product
681;Caudalie Divine Enhancing Dry Oil (50 ML);product
682;Caudalie Divine Legs;product
683;Caudalie Crushed Cabernet Scrub;product
684;Caudalie Nourishing Body Lotion;product
685;Caudalie Vine Body Butter;product
686;Caudalie Hand And Nail Cream;product
687;Caudalie Fresh Energizing Fragrance, Figue De Vigne;product
688;Caudaile Fresh Energizing Fragrance, Fleur De Vigne;product
690;Caudalie Fresh Energizing Fragrance, Zeste De Vigne;product
691;Caudalie Fresh Engerizing Fragrance, Thè Des Vignes;product
692;OSKIA Super 16 Serum;product
693;OSKIA Restoration Oil;product
694;OSKIA Renaissance Cleansing Gel (100 ml);product
695;OSKIA Perfect Cleanser (125 ml);product
854;KMS FreeShape Hot Flex Spray;product
697;OSKIA Micro Exfoliating Balm;product
698;OSKIA Nutri Active Day Cream;product
700;OSKIA Bed Time Beauty Boost;product
701;OSKIA Get Up And Glow;product
702;OSKIA Eye Wonder;product
703;OSKIA Renaissance Mask;product
704;OSKIA Renaissance Hand Cream;product
705;Sachajuan Scalp Treatment;product
706;Sachajuan Hair Control Treatment;product
707;Sachajuan Silver Shampoo;product
708;Sachajuan Silver Conditioner;product
709;Sachajuan Shampoo Intensive Repair;product
710; Sachajuan Conditioner Intensive Repair ;product
711;Sachajuan Shampoo Normal Hair;product
712; Sachajuan Conditioner Normal;product
713;Sachajuan Shampoo Dry Hair;product
714; Sachajuan Conditioner Dry ;product
715; Sachajuan Shampoo Colour Save;product
716; Sachajuan Conditioner Colour Save;product
717; Sachajuan Shampoo Volume ;product
718; Sachajuan Conditioner Volume;product
719;Sachajuan Shampoo Scalp;product
720; Sachajuan Leave in Conditioner;product
721;Sachajuan Hair Repair;product
722;Sachajuan Over Night Hair Repair ;product
723;Sachajuan Protective Hair Perfume;product
724;Sachajuan Styling Cream;product
725;Sachajuan Volume Cream;product
726;Sachajuan Volume Powde;product
727;Sachajuan Dark Volume Powder;product
728;Sachajuan Root Lift Strong Hold;product
729;Sachajuan Ocean Mist;product
730;Sachajuan Hairspray;product
731;Sachajuan Hairspray;product
732; Sachajuan Hair Mousse;product
733;Sachajuan Spray Wax ;product
734; Sachajuan Hair Wax;product
735; Sachajuan Hair Paste ;product
736;Sachajuan Shine Serum;product
737; Sachajuan Shine Spray ;product
739; Sachajuan Body Wash Ginger Flower;product
740;Sachajuan Body Wash Spicy Citrus;product
741;Sachajuan Body Lotion Shiny Citrus;product
742;Sachajuan Body Lotion Ginger Flower;product
743;Sachajuan Body Lotion Spicy Citrus;product
744;PHILIP B Peppermint & Avocado Volumizing & Clarifying Shampoo (350 ml);product
745;PHILIP B Peppermint & Avocado Volumizing & Clarifying Shampoo (220 ml);product
746;PHILIP B African Shea Butter Gentle & Conditioning Shampoo;product
747;PHILIP B White Truffle Nourishing Hair Conditioning Crème;product
748;PHILIP B Styling Gel;product
749;Philip B Drop Dead Straightening Baume;product
750;PHILIP Crème of the Crop Hair Finishing Crème;product
751;PHILIP B Shinade Pomade;product
752;PHILIP B  Anti-Frizz Formel 57;product
754; Zarkoperfume MOLéCULE No. 8;product
756;Zarkoperfume Molècule 234-38 Eau De Parfume;product
757;Zakoperfume e´L Eau de Parfume;product
758;Zarkoperfume INCEPTION Eau de Parfum;product
759;Zarkoperfume OUD'ISH Eau De Perfume;product
760;Zarkoperfume PINK MOLéCULE Eau de Parfum ;product
761;Rosebud Salve (Tube);product
762; Rosebud Salve;product
763; Rosebud Mentholated Salve;product
764;Rosebud Minted Rose Salve;product
765; Rosebud Strawberry Lip Balm;product
766; Rosebud Mocha Rose Salve;product
767;Rosebud Brambleberry Rose ;product
769;Escentric Molecules Escentric 01 Unisex 30 ml.;product
770; Escentric Molecules - Escentric 01;product
771;Escentric Molecules - Escentric 02 ;product
772;Escentric Molecules  Escentric 03 ;product
773;Escentric Molecules  Molecule 01;product
776;Escentric Molecules  Molecule 01 (30 ml);product
777;Escentric Molecules  Molecule 02;product
1438;Tromborg Anti-Aging Eye Cream (30ml);product
779;Escentric Molecules Paper Passion;product
780;Escentric Molecules Escentric 01 Body Wash;product
781;Escentric Molecules Escentric 02 Body Wash;product
782;Escentric Molecules Escentric 03 Body Wash ;product
783; Korres Black Pine Day Cream Normal Skin;product
784;Korres Black Pine Night Cream ;product
785; Korres Black Pine Eye Cream ;product
786; Korres Black Pine Serum ;product
787; Korres Black Pine Day Cream Normal Skin;product
788; Korres Magnolia Bark Night Cream ;product
789; Korres Wild Rose Cream Oily/Combination;product
790; Korres Wild Rose Cream24-hour Moisturising Cream;product
791;Korres Wild Rose Exfoliating Cleanser;product
792; Korres Wild Rose Mas;product
793;Torres Wild Rose Eye Cream;product
794;Korres Milk Proteins Foaming Cream Cleanser;product
795;Korres Milk Protein 3in1 Cleanser;product
796;Korres White Tea Fluid Gel Cleanser;product
797;Korres Lemon & Basil Body Scrub;product
798;Korres Guava Showergel;product
799;Korres Bergamont & Pear Showergel;product
800;Korres Basil & Lemon Showergel;product
801;Korres White Tea Showergel;product
802; Korres Body Milk Basil Lemon ;product
803;Korres Body Milk;product
804;Korres Body Milk Mint Tea;product
805; Korres Body Milk Vanilla-Cinnamon ;product
806;Korres Body Milk Bergamot Pear;product
807;Korres Body Butter Guava ;product
808;Korres Body Butter Jasmine ;product
809;Korres Almond & Lineseed Shampoo ;product
810;Korres Sunflower & Tea Shampoo;product
811;Korres Rice Proteins & Linden Shampoo;product
812; Korres Sunflower & Tea Conditioner;product
813; Korres Almond & Lineseed Hair Mask;product
814;Korres Guava Lip Butter;product
815; Korres Quince Lip Butter;product
816; Korres Wild Rose Lip Butter;product
817;Korres Mango Lip Butter ;product
818;Korres Lip Butter Stick SPF15 (Pink);product
1109;Decléor Marjolaine Night Balm (30ml);product
820;Korres Lip Butter Stick SPF15 (Rose);product
821;Korres Lip Butter Stick SPF15 (Clear);product
822;Korres Lip Butter Stick SPF15 (Peach);product
823; Korres Almond Oil & Vitamin C  Hand Cream;product
824; Korres Almond Oil & Shea Butter Hand Cream;product
827;KMS California AddVolume Root and Body Lift;product
828;KMS California AddVolume Shampoo;product
829; KMS California AddVolume Styling Foam;product
830;KMS California AddVolume Volumizing Spray;product
831;KMS California ColorVitality Blonde Shampoo;product
832;KMS California ColorVitality Blonde Treatment;product
833;KMS Color Vitality Conditioner;product
834;KMS ColorVitality Conditioner (750 ml);product
835;KMS California ColorVitality Shampoo;product
1118;Decléor Relaxing Shower And Bath Gel (400ml);product
837;KMS California ColorVitality Shine and Shield;product
838; KMS California CurlUp Bounce Back Spray;product
839;KMS CurlUp Conditioner;product
841;KMS California CurlUp Control Creme;product
842;KMS California CurlUp Curling Balm;product
843;KMS CurlUp Leave-in Conditioner ;product
844;KMS CurlUp Perfection Lotion;product
845;KMS California CurlUp Shampoo;product
846;KMS CurlUp Wave Foam;product
847;KMS Freeshape 2-In-1 Styling + Finish (75 ml);product
848; KMS Freeshape 2-In-1 Styling + Finishing (200ml);product
849;KMS FreeShape Conditioner;product
850;KMS California FreeShape Deep Conditioner;product
851;KMS California FreeShape Hot Flex Creme;product
1190;Alterna Bamboo Shine Cream (125ml);product
855;KMS California FreeShape Quick Blow Dry;product
856;KMS California FreeShape Shampoo;product
857;KMS Hair Play Playable Texture;product
858;KMS HairPlay Clay Creme;product
859;KMS HairPlay Design Wax ;product
860;KMS California HairPlay Dry Touch-Up;product
861;KMS California HairPlay Dry Wax;product
862; KMS California HairPlay Gel Wax;product
863; KMS HairPlay Makeover Spray;product
864;KMS California HairPlay Sea Salt Spray;product
865;KMS California HairPlay Texture Shampoo;product
866;KMS California HairStay Anti-Humidity Seal;product
867;KMS California HairStay Clarify Shampoo;product
868;KMS California HairStay Maximum Hold Spray;product
869;KMS California HairStay Medium Hold Spray;product
870;KMS California HairStay Style Boost;product
871;KMS HairStay Styling Gel;product
872;KMS California HeadRemedy Dandruff Shampoo;product
873; KMS California HeadRemedy Sensitive Shampoo;product
874; KMS Moist Repair Therapy Treatment;product
875;KMS MoistRepair Conditioner;product
876;KMS California MoistRepair Leave-In Conditioner;product
877;KMS California MoistRepair Revival Creme;product
878;KMS California MoistRepair Therapy Treatment;product
879;KMS SilkSheen Conditioner;product
880;KMS California SilkSheen Leave-In Conditioner;product
881;KMS California SilkSheen Polishing Serum;product
882;KMS California SilkSheen Shampoo;product
883;KMS California SilkSheen Styling Creme;product
884;KMS Tame Frizz Conditioner;product
885;KMS Tame Frizz De-Frizz Oil ;product
886;KMS Tame Frizz Shampoo ;product
887;KMS Tame Frizz Smoothing Lotion ;product
888;KMS Tame Frizz Taming Creme;product
889;MOROCCANOIL® Olie behandling;product
891;MOROCCANOIL® Olie behandling (25ml);product
892;MOROCCANOIL® Styling Gel;product
893;MOROCCANOIL® Clarifying Shampoo 250 ml. ;product
894;MOROCCANOIL® Curl Control Mousse ;product
895;MOROCCANOIL® Curl Defining Cream;product
896; MOROCCANOIL® Curl Defining Cream;product
897;MOROCCANOIL® Dry Scalp Treatment (45 ml);product
898;MOROCCANOIL® Extra Volume Conditioner;product
899;MOROCCANOIL® Extra Volume Conditioner (70 ml);product
900;MOROCCANOIL® Extra Volume Shampoo;product
901;MOROCCANOIL® Extra Volume Shampoo (70 ml);product
902;MOROCCANOIL® Frizz Control;product
903;MOROCCANOIL® Frizz Control (50 ml);product
904;MOROCCANOIL® Glimmer Shine Spray;product
905; MOROCCANOIL® Glimmer Shine Spray (50ml);product
906;MOROCCANOIL® Heat Styling Protection;product
907;MOROCCANOIL® Hydrating Conditioner ;product
908;MOROCCANOIL® Hydrating Shampoo ;product
909;MOROCCANOIL® Hydrating Styling Creme ;product
912; MOROCCANOIL® Intense Curl Creme;product
913;MOROCCANOIL® Intense Hydrating Mask;product
914;MOROCCANOIL® Intense Hydrating Mask;product
915; MOROCCANOIL® Light Olie ;product
916;MOROCCANOIL® Light Olie (100ml);product
917;MOROCCANOIL® Luminous Hairspray Finish Strong;product
918;MOROCCANOIL® Luminous Hairspray Finish Strong (75ml);product
919;MOROCCANOIL® Luminous Hairspray Medium;product
920;MOROCCANOIL® Moisture Repair Conditioner;product
921;MOROCCANOIL® Moisture Repair Shampoo;product
922;MOROCCANOIL® Moisture Repair Shampoo (70ml);product
923;MOROCCANOIL® Molding Cream;product
924;MOROCCANOIL® Oily Scalp Treatment (45 ml);product
925; MOROCCANOIL® Restorative Hair Mask;product
927;MOROCCANOIL® Root Boost;product
928;MOROCCANOIL® Volumizing Mousse;product
929;MOROCCANOIL® Weightless Hydrating Mask;product
930;MOROCCANOIL® Weightless Hydrating Mask;product
931;Sebastian Color Ignite Mono Conditioner ;product
932;Sebastian Color Ignite Mono Shampoo ;product
933;Sebastian Color Ignite Mono Shampoo (50ml);product
934;Sebastian Color Ignite Multi Conditioner;product
935;Sebastian Color Ignite Multi Shampoo ;product
936;Sebastian Craft Clay Voks ;product
937;Sebastian Craft Clay Voks (50gr);product
938;Sebastian Drynamic Tørshampoo ;product
939;Sebastian Drynamic Tørshampoo (75ml);product
940;Sebastian Flaunt Trilliant;product
941;Sebastian Gel forte Strong-hold ;product
942;Sebastian Hydre Moisturizing Conditioner;product
943;Sebastian Hydre Moisturizing Treatment (150ml);product
944;Sebastian Liquid Gloss;product
945;Sebastian Liquid Steel Styler;product
946;Sebastian Matte putty soft dry texturizer;product
947;Sebastian Microweb Fiber;product
948;Sebastian Mousse forte™ strong-hold mousse;product
949; Sebastian Penetraitt Strengthening and Repair Conditioner ;product
950;Sebastian Penetraitt Strengthening and Repair shampoo;product
951;Sebastian Penetraitt strength Treatment ;product
952;Sebastian Potion 9 - Wearable styling treatment ;product
953;Sebastian Potion 9 Lite;product
954;Sebastian Re-shaper™ hairspray;product
955;Sebastian Shaper FIERCE™ hairspray ;product
956;Sebastian Shaper Zero Gravity™;product
958;Sebastian Shine Crafter Mouldable Wax ;product
1189;Alterna Caviar Styling Prep (200ml);product
960;Sebastian Shine Define;product
961;Sebastian Shine Shaker;product
962;Sebastian Stylbrid 9 ;product
963;Sebastian Stylixir™ Flexi-styler;product
964;Sebastian Texture Maker;product
965;Sebastian Texturizer flexible bodyfying liq gel;product
966;Sebastian Thickefy Foam;product
967;Sebastian Trilliance Shine Conditioner ;product
968;Sebastian Trilliance Shine Shampoo;product
969;Sebastian Volupt Conditioner ;product
970;Sebastian Volupt Shampoo;product
971;Sebastian Volupt Spray ;product
972;Sebastian Whipped Creme ;product
973;American Crew 24-Hour Deodorant Body Wash ;product
974;American Crew 3-In-1 Shampoo;product
975;American Crew Alternator Finishing Spray;product
976;American Crew Boost Cream;product
977;American Crew Boost Powder 10 g;product
978;American Crew Classic Body Wash ;product
979;American Crew Classic Gray Shampoo;product
980;American Crew Curl Construct;product
981;American Crew Daily Moisturizing Shampoo ;product
982;American Crew Defining Paste voks;product
1228;Rudolph Care Organic Sun Body Lotion spf 15 (150ml);product
984;American Crew Fiber voks;product
985;American Crew Forming Cream voks;product
986;American Crew Grooming Cream voks;product
987;American Crew Molding Clay voks;product
988;American Crew Pomade voks;product
989;American Crew Firm Hold Styling Gel ;product
990;American Crew Grooming Spray ;product
991;American Crew Hair Recovery + Thickening Shampoo;product
992;American Crew Light Hold Styling Gel;product
993;American Crew Power Cleanser Style Remover;product
994;American Crew Superglue;product
995;American Crew Ultramatte;product
996;American Crew Shave Moisturizing Shave Cream;product
997;American Crew Shave Post-Shave Cooling Lotion;product
998;American Crew Shave Precision Shave Gel ;product
999;American Crew Ultra Gliding Shave Oil Men ;product
1474; Eve Lom Intense Hydration Serum ;product
1476; Eve Lom Moisturizer SPF 15;product
1478; KMS California AddVolume Styling Foam;product
1480; KMS California CurlUp Bounce Back Spray;product
1030;Decléor Aromessence Bath Oil (100ml);product
1031;Decléor Nourishing And Soothing Foot Cream (50ml);product
1032;Decléor Post Wax Senstive Skin (50 ml);product
1033;Decléor Relax Intense Massage Balm (125ml);product
1034;Decléor Systeme Corps Gradual Glow Hydrating Body Milk (250ml);product
1035;Decléor Toning Shower And Bath Gel Alguaromes (250ml);product
1036;Decléor Relax Intense Shower Oil (200ml);product
1037;Decléor Exfoliating Body Cream crème exfoliante (200ml);product
1038;Decléor Systeme Corps Moisturising Body Milk (250ml);product
1039;Decléor Post Wax Double Action Gel-Cream (125ml);product
1041;Decléor Relax Intense Fruits Seeds Scrub (200ml);product
1042;Decléor Hydra Floral BB Cream Spf15 Medium (40ml);product
1043;Decléor Sculpt Stretch Mark Restructuring Gel-cream (150ml);product
1044;Decléor Relaxing Shower And Bath Gel (250ml);product
1045;Decléor Slim Effect Localised Contouring Gel-cream (200ml);product
1048;Decléor Excellence Sublime Regenerating Body Cream (200ml);product
1049;Decléor Aromessence Ylang Ylang Purifying Serum (15ml);product
1050;Decléor Harmonie Calm Relaxing Gel-Cream For Eyes (15ml);product
1051;Decléor Mandarine Smoothing Night Balm (15ml);product
1052;Decléor Aroma White Expert Dark Spot Corrector (15ml);product
1053;Decléor Rose D'Orient Night Balm (15ml);product
1054;Decléor Aromessence Circularome Stimulating Body Serum (100ml);product
1056;Decléor Harmonie Calm Relaxing Gel-Cream For Eyes (15ml);product
1057;Decléor Excellence Regenerating Eye & Lip Cream +50 (15ml);product
1058;Decléor Aroma Night Wrinkle Firmness Cream (50ml);product
1059;Decléor Hydrotenseur Eye Contour Firming Serum (15ml);product
1061;Decléor Aroma Purete Sos Imperfection Roll On (7,5ml);product
1062;Decléor Fresh Purifying Gel 200 ml;product
1063;Decléor Aromessence Excellence Anti-ageing Firming Body Serum (100ml);product
1064;Decléor Système Corps Gradual Glow (400ml);product
1065;Decléor Iris Night Balm (15ml);product
1066;Decléor Cleansing Micellar Oil (150ml);product
1067;Decléor Prolagene Lift Fill & Wrinkle Mask (40ml);product
1068;Decléor Alguaromes Toning Shower Gel (400ml);product
1069;Decléor Clay And Herbal Cleansing Mask (50ml);product
1070;Decléor Hydro-brightening Lotion (150ml);product
1071;Decléor Soothing Micellar Water  (400ml);product
1072;Decleor Ylang Ylang Purifying Night Balm (30ml);product
1073;Decleor Marjolaine Night Balm (15ml);product
1074;Decléor Aroma Lisse Energising Smoothing Cream spf 15 (50ml);product
1075;Decléor Excellence Neck & Decolleté Cream +50 (50ml);product
1076;Decléor Hydra Floral Multi Protection Plumping Mask (50ml);product
1077;Decléor Life Radiance Double Radiance Scrub (50ml);product
1078;Decléor Prolagene Lift Peeling Gel (45ml);product
1079;Decléor Essential Tonifying Lotion (200ml);product
1080;Decléor Aromessence Relax Intense Dry Oil (100ml);product
1081;Decléor Excellence Sublime Re-densify Night Cream (50ml);product
1082;Decléor Youth Cleansing Milk (200ml);product
1083;Decléor Prolagene Lift Normal Skin (50ml);product
1084;Decléor 3 in 1 Hydra-Radiance Cleansing Mousse (200ml);product
1085;Decléor Micro-smoothing Cream Pureté Exfoliante (50ml);product
1086;Decléor Hydra Floral BB Cream Spf15 Dark 40 ml;product
1087;Decléor Brightening Cleansing Foam (150ml);product
1088;Decléor Fresh Purifying Gel (400ml);product
1089;Decléor Aromessence Neroli Essential Serum (15ml);product
1090;Decléor Mandarine Smoothing Night Balm (30ml);product
1091;Decléor Aroma White Intense Translucency Fluid (50ml);product
1092;Decléor Rose D'Orient Night Balm (30ml);product
1093;Decléor Aromessence Sculpt Firming Body Serum (100ml);product
1094;Decléor Aroma Purete Shine Control Oxygenating Fluid;product
1095;Decléor Harmonie Calm Milky Gel-cream Mask (40ml);product
1096;Decléor Excellence Night Balm (30ml);product
1097;Decléor Fresh Matifying Lotion (200ml);product
1098;Decléor Prolagene Lift Intensive Youth Concentrate (30ml);product
1099;Decléor Système Corps Nourishing Body Milk (400ml);product
1100;Decléor Iris Night Balm (30ml);product
1101;Decléor Aroma Purete Oxygenating - 2 in 1 mask (50ml);product
1102;Decléor Aromessence White Brightening Serum (15ml);product
1103;Decléor Essential Cleansing Milk (400ml);product
1104;Decléor 3 in 1 Hydra-radiance Cleansing Mousse (100ml);product
1105;Decléor Aromessence Mandarine Smoothing Serum (15ml);product
1106;Decléor Neroli Essential Night Balm (15ml);product
1110;Decléor Aroma Lisse 2-in-1 Dark Circle & Eye Wrinkle Eraser (15ml);product
1111;Decléor Harmonie Calm Delicate Milky Fluid (50ml);product
1112;Decléor Life Radiance Flash Radiance Mask (50ml);product
1113;Decléor  Aromessence Hands & Nails Strengthening Serum (15ml);product
1114;Decléor Eye Make-up Remover (150ml);product
1273;Redken Cerafill Defy Conditioner (245ml);product
1116;Decléor Youth Lotion (200ml);product
1117;Decléor Prolagene Lift Dry Skin (50ml);product
1119;Decléor Exfoliating Cream Phytopeel (50ml);product
1120;Decléor Hydra Floral BB Cream Spf15 Light (40ml);product
1121;Decléor Fresh Matifying Lotion (400ml);product
1122;Decléor Aromessence Rose D'Orient Soothing Serum (15ml);product
1123;Decléor Aromessence Marjolaine Nourishing Serum (15ml);product
1124;Decléor Aroma White Multi-brightening Eye Care  (15ml);product
1125;Decléor Excellence Dark Spot Corrector Concentrate +50 (15ml);product
1126;Decléor Refreshing toning gel Circulagel (150ml);product
1127;Decléor Life Radiance Double Radiance Cream (30ml);product
1128;Decléor Energising Gel prolagene (150ml);product
1129;Decléor Essential Cleansing Milk (200ml);product
1130;Decléor Aromessence Slim Effect Serum (100ml);product
1131;Decléor Aromessence Excellence Regnerating Serum +50 (15ml);product
1132;Decléor Soothing Micellar Water (200ml);product
1133;Decléor Prolagene Lift Eye Cream (15ml);product
1134;Decléor Système Corps Moisturising Body Milk (400ml);product
1135;Decléor Neroli Essential Night Balm (30ml);product
1136;Decléor Hydra Floral Multi Protection Light Cream (50ml);product
1137;Decléor Recovery Brightening Night Cream (50ml);product
1138;Decléor Essential Tonifying Lotion (400ml);product
1139;Decléor Hydra Floral Eye And Lip Mask (50ml);product
1140;Decléor Hydra Floral Multi Protection Rich Cream (50ml);product
1141;Decléor Harmonie Calm Soothing Milky Cream (50ml);product
1142;Decléor Youth Cleansing Milk (200ml);product
1143;Decléor Life Radiance Energising Vitamin Cure 10 days (10ml);product
1144;Decléor Nutri Smoothing Lip Stick (4gr);product
1145;Decléor Excellence Regenerating Cream +50 (50ml);product
1146;Decléor Aromessence Iris Rejuvenating Serum +40 (15ml);product
1147;Decléor Ylang Ylang Purifying Night Balm (15ml);product
1150;Alterna Bamboo Smooth Dry Oil Mist (125ml);product
1335;Redken Styling Flex Line Mess Around 10  (50ml);product
1154;Alterna Bamboo Style Form Ultra-Hold Sculpting Clay (50g);product
1155;Alterna Caviar Bodybuilding Volume Shampoo (250ml);product
1156;Alterna Caviar Brightening Blonde Shampoo (250ml);product
1157;Alterna Caviar Seasilk Oil Gel (100ml);product
1158;Alterna Ten Hair Masque (150ml);product
1159;Alterna Bamboo Style Boho Waves Tousled Texture Spray (125ml);product
1160;Alterna Caviar Bodybuilding Volume Conditioner (250ml);product
1161;Alterna Caviar Overnight Hair Rescue (100ml);product
1162;Alterna Caviar Rapid Repair Spray (100ml);product
1163;Alterna Bamboo Shine Shampoo (250ml);product
1164;Alterna Bamboo Smooth Anti-Breakage Spray (125ml);product
1165;Alterna Bamboo Style Texturizing Body Boost Volume and Definition Dust;product
1166;Alterna Caviar Replenishing Moisture Shampoo (250ml);product
1167;Alterna Caviar 3-Minute Shine Boost (150ml);product
1168;Alterna Ten Conditioner (200ml);product
1169;Alterna Bamboo Smooth Shampoo (250ml);product
1170;Alterna Bamboo Style Freestyle Flexible Control Gel (125ml);product
1171;Alterna Bamboo Volume Conditioner (250ml);product
1172;Alterna Bamboo Color Care Rehab Masque (150ml);product
1173;Alterna Bamboo Shine Mist (100ml);product
1174;Alterna Bamboo Color Care Shampoo (250ml);product
1175;Alterna Bamboo 48-hour Volume Spray (125ml);product
1176;Alterna Bamboo Volume Plumping Stand Expand (100ml);product
1177;Alterna Bamboo Color Care Fluide (75ml);product
1178;Alterna Bamboo Color Care Conditioner (250ml);product
1179;Alterna Bamboo Style Freestyle Flexible Control Gel (125ml);product
1181;Alterna Caviar Bodybuilding Volume Conditioner (250ml);product
1182;Alterna Caviar Hair Masque (150ml);product
1183;Alterna Caviar Full Body Volume Créme (75ml);product
1184;Alterna Bamboo Shine Mist 100 ml;product
1185;Alterna Bamboo Color Care Shampoo (250ml);product
1186;Alterna Bamboo 48-hour Volume Spray (125ml);product
1187;Alterna Bamboo Volume Plumping Stand Expand (100ml);product
1188;Alterna Bamboo Color Care Fluide (75ml);product
1191;Alterna Bamboo Volume Mousse (150ml);product
1192;Alterna Bamboo Style Super Natural Curl Shaping and Defining Cream (125ml);product
1193;Alterna Caviar Blonde Beauty Balm (125ml);product
1194;Alterna Bamboo Volume Conditioner (250ml);product
1195;Alterna Bamboo Color Care Rehab Masque (150ml);product
1196;Alterna Bamboo Shine Mist (100ml);product
1197;Alterna Bamboo Color Care Shampoo (250ml);product
1198;Alterna Bamboo 48-hour Volume Spray (125ml);product
1199;Alterna Bamboo Smooth Conditioner (250ml);product
1200;Alterna Bamboo Style Shape moldable Texturizing Paste;product
1201;Alterna Ten Shampoo (250ml);product
1202;Alterna Bamboo Volume Shampoo (250ml);product
1205;Gold Shaper Wax (50ml);product
1206;Gold Earth Wax (50ml);product
1207;Gold Fiber Wax (50ml);product
1208;Gold Luxury Conditioner (250ml);product
1209;Gold Volumizing Leave-In Conditioner (150ml);product
1210;Gold Hair Spray (400ml);product
1211;Gold Sea Water Cream (100ml);product
1212;Gold Luxury Masque (500ml);product
1213;Gold Hydration Conditioner (250ml);product
1214;Gold Luxury Protein Shampoo (250ml);product
1215;Gold Curl Cream (150ml);product
1216;Gold Texturizing Spray Wax (200ml);product
1217;Gold Hydration Conditioner (1000ml);product
1218;Gold Scalp Relieve Shampoo (250ml);product
1219;Gold Dry Shampoo (200ml);product
1220;Gold Delicious Foundation (200ml);product
1221;Gold Hydration Shampoo (250ml);product
1222;Gold Silk Drops (50ml);product
1223;Gold Hydration Shampoo (1000ml);product
1224;Gold Fairy Dust (14g);product
1225;Gold Spray Tan (150ml);product
1226;Gold Argan Oil (50ml);product
1229;Rudolph Care Organic Sun Body Lotion spf 30 (150ml);product
1230;Rudolph Care Organic Sun Body Oil spf 15 (150ml);product
1231;Rudolph Care Organic Sun Body Oil spf 30 (150ml);product
1232;Rudolph Care Organic Sun Face Cream spf 15 (50ml);product
1233;Rudolph Care Organic Sun Face Cream spf 30 (50ml);product
1234;Rudolph Care Organic Sun Face Cream spf 50 (50ml);product
1235;Rudolph Care Organic Sun Stick spf 50 (15ml);product
1236;Rudolph Care Sun Body Lotion spf 50 (150ml);product
1237;Rudolph Care Sun Kids Lotion spf 30 (200ml);product
1238;Rudolph Care Sun Kids Lotion spf 50 (200ml);product
1239;Rudolph Care Acai Anti-ageing Facial Moisturizer (25ml);product
1240;Rudolph Care Acai Anti-ageing Facial Moisturizer (50ml);product
1241;Rudolph Care Acai Anti-ageing Facial Oil (15ml);product
1242;Rudolph Care Acai Anti-ageing Serum (15ml);product
1243;Rudolph Care Acai Anti-stress Facial Cream (50ml);product
1244;Acai Anti-stress Facial Cream (25ml);product
1245;Rudolph Care Acai Cleansing Foam (150ml);product
1246;Rudolph Care Acai Cleansing Milk (100ml);product
1247;Rudolph Care Acai Eye Cream (15ml);product
1248;Rudolph Care Acai Facial Mist (100ml);product
1249;Rudolph Care Acai Facial Scrub Mask (100ml);product
1250;Rudolph Care Acai Lip Balm (15ml);product
1251;Acai Body Balm (75ml);product
1252;Rudolph Care Acai Body Lotion (200ml);product
1253;Rudolph Care Acai Body Lotion (100ml);product
1254;Rudolph Care Acai Body Oil (100ml);product
1255;Rudolph Care Acai Body Scrub (200ml);product
1256;Rudolph Care Acai Body Soap (250ml);product
1257;Rudolph Care Acai Cream Soap (200ml);product
1258;Rudolph Care Acai Hand & Body Soap (50ml);product
1259;Rudolph Care Acai Hand Cream (30ml);product
1260;Redken All Soft Argan-6 Oil (90ml);product
1261;Redken All Soft Conditioner (250ml);product
1262;Redken All Soft Heavy Cream (250ml);product
1263;Redken All Soft Shampoo (300ml);product
1264;Redken All Soft Supple Touch (150ml);product
1265;Redken Blonde Idol BBB Spray Conditioner (150ml);product
1266;Redken Blonde Idol Custom-Tone Gold Conditioner for Warm Blondes (196ml);product
1267;Redken Blonde Idol Custom-Tone Violet for Cool Blondes (196ml);product
1268;Redken Blonde Idol Mask (250ml);product
1269;Redken Blonde Idol Shampoo (300ml);product
1270;Redken Body Full Conditioner (250ml);product
1271;Redken Body Full Instant Bodifier (150ml);product
1272;Redken Body Full Shampoo (300ml);product
1274;Redken Cerafill Defy Daily Scalp Treatment (125ml);product
1275;Redken Cerafill Maximize Dense Fx (125ml);product
1276;Redken Cerafill Maximize Hair Advance (10x6ml);product
1277;Redken Cerafill Maximize Texture Effect (153ml);product
1278;Redken Cerafill Retaliate Conditioner (245ml);product
1279;Redken Cerafill Retaliate Hair Re-Densifying Treatment (90ml);product
1280;Redken Clear Moisture Conditioner (250ml);product
1281;Redken Clear Moisture Shampoo (300ml);product
1282;Redken Clear Moisture Water Rush (250ml);product
1283;Redken Color Extend Magnetics Conditioner (250ml);product
1284;Redken Color Extend Magnetics Deep Attraction Treatment (250ml);product
1285;Redken Color Extend Magnetics Multi-Treatment Radiant-10 (125ml);product
1286;Redken Color Extend Magnetics Shampoo (300ml);product
1287;Redken Color Extend Sun Reflective Glow (125ml);product
1288;Redken Color Extend Sun Take Cover spf 25 (140ml);product
1289;Redken Curvaceous Conditioner (250ml);product
1290;Redken Curvaceous Cream Shampoo (300ml);product
1291;Redken Curvaceous Curl Dive (180ml);product
1292;Redken Curvaceous Full Swirl (150ml);product
1293;Redken Curvaceous Ringlet (180ml);product
1294;Redken Curvaceous Wave Ahead (145ml);product
1295;Redken Curvaceous Wind Up (145ml);product
1296;Redken Diamond Oil Conditioner (250ml);product
1297;Redken Diamond Oil High Shine Airy Mist (150ml);product
1298;Redken Diamond Oil High Shine Gel Conditioner (250ml);product
1299;Redken Diamond Oil High Shine Shampoo (300ml);product
1300;Redken Diamond Oil Masque (250ml);product
1301;Redken Diamond Oil Shampoo (300ml);product
1302;Redken Diamond Oil Shatterproof Shine (100ml);product
1303;Redken Extreme Anti-Snap (240ml);product
1304;Redken Extreme Cat Protein Treatment (150ml);product
1305;Redken Extreme Conditioner (250ml);product
1306;Redken Extreme Shampoo (300ml);product
1307;Redken For Men Anti Grit Clean Brew Shampoo (250ml);product
1308;Redken For Men Clean Spice 2-in-1 Conditioning Shampoo (300ml);product
1309;Redken For Men Cool Finish Conditioner (300ml);product
1310;Redken For Men Extreme Gel Stand Tough (150ml);product
1312;Redken For Men Go Clean Shampoo (300ml);product
1313;Redken For Men High Up Spiking Cream Wax (100ml);product
1314;Redken For Men Maneuver Wax (100ml);product
1315;Redken For Men Mint Invigorating Shampoo (300ml);product
1316;Redken For Men Molding Paste Work Hard (100ml);product
1317;Redken For Men Steel Lock Silver Charge Fortifying Silver Shampoo (300ml);product
1318;Redken For Men Texturizing Clay Firm Grasp (100ml);product
1319;Redken Intra Force Natural 1 Shampoo (145ml);product
1320;Redken Intra Force Natural 2 Toner (145ml);product
1321;Redken Intra Force Natural 3 Treatment (125ml);product
1323;Redken Real Control Conditioner (250ml);product
1324;Redken Real Control Conditioner (30ml);product
1325;Redken Real Control Shampoo (300ml);product
1326;Redken Scalp Relief Dandruff Control Shampoo (300ml);product
1327;Redken Scalp Relief Oil Detox Shampoo (300ml);product
1328;Redken Scalp Relief Soothing Balance Shampoo (300ml);product
1329;Redken Smooth Lock Butter Silk (250ml);product
1330;Redken Smooth Lock Conditioner (250ml);product
1331;Redken Smooth Lock Shampoo (300ml);product
1332;Redken Smooth Lock Stay Sleek (150ml);product
1333;Redken Specialty Products Hair Cleansing Cream Shampoo (300ml);product
1336;Redken Styling Flex Line Shape Factor 22 (50ml);product
1337;Redken Styling Flex Move Ability 05 (50ml);product
1338;Redken Styling Hairspray Control Addict 28 (400ml);product
1339;Redken Styling Hairspray Fashion Work 12 (400ml);product
1340;Redken Styling Hairspray Forceful 23 (400ml);product
1341;Redken Styling Hairspray Pure Force 20 (250ml);product
1342;Redken Styling Hairspray Quick Dry 18 (400ml);product
1343;Redken Styling Heat Styling Duo Shield 07 (150ml);product
1344;Redken Styling Heat Styling Fabricate 03 (150ml);product
1345;Redken Styling Heat Styling Iron Shape 11 (250ml);product
1346;Redken Styling Heat Styling Satinwear 02 (160ml);product
1347;Redken Styling Pillow Proof Blow Dry Express Primer (170ml);product
1348;Redken Styling Pillow Proof Blow Dry Two Day Extender (153ml);product
1349;Redken Styling Shine Outshine 01 (100ml);product
1350;Redken Styling Shine Shine Flash 02 (150ml);product
1351;Redken Styling Signature Look Dry Finishing Spray Wind Blown 05 (250ml);product
1352;Redken Styling Signature Look Fashion Waves 07 (150ml);product
1353;Redken Styling Signature Look Loose Endings 09 Cream (100ml);product
1354;Redken Styling Signature Look Ruffle Up14 Gel (100ml);product
1355;Redken Styling Straight Smooth Align 12 (150ml);product
1356;Redken Styling Straight Two Smooth 03 (30ml);product
1357;Redken Styling Texture Powder Grip 03 (7g);product
1358;Redken Styling Texture Rewind 06 (150ml);product
1359;Redken Styling Texture Rough Clay 20 (50ml);product
1360;Redken Styling Texture Rough Paste 12 (75ml);product
1361;Redken Styling Texture Wax Blast 10 (150ml);product
1362;Redken Styling Volume Aerate 08 (91g);product
1363;Redken Styling Volume Full Effect 04 (250ml);product
1364;Redken Styling Volume Guts 10 (300ml);product
1365;Redken Styling Volume Rootful 06 (250ml);product
1366;Redken Styling Volume Thickening Lotion 06 (150ml);product
1367;Redken Styling Volume Touch Control 05 (200ml);product
1374;Tromborg Aroma Therapy Deluxe Herbal Foot Cream;product
1375;Tromborg Aroma Therapy Deluxe Herbal Hand Cream;product
1376;Tromborg Herbal Cleansing Oil (100ml);product
1377;Tromborg Herbal Cleansing Water (200ml);product
1378;Tromborg Cleansing Foam (150ml);product
1380;Tromborg Facial Mist Calendula Water (100ml);product
1381;Tromborg Facial Mist Lavender Water (100ml);product
1382;Tromborg Deluxe Face Cream Day & Night Moisturizer (50ml);product
1383;Tromborg Eye Gel (15ml);product
1384;Tromborg Multi Vitamin Facial Mask (50ml);product
1386;Tromborg Exfoliating Scrub Mask (50ml);product
1387;Tromborg Exfoliating Scrub Mask (50ml);product
1388;Tromborg Mud Mask Mineral-Rich (50ml);product
1390;Tromborg Lip Balm (15ml);product
1391;Tromborg Lip Balm Rose (15ml);product
1392;Tromborg Lip Cure (15ml);product
1393;Tromborg Deluxe Sun Protection Lip Cure SPF 20 (15ml);product
1394;Tromborg Deluxe Face Sun Protection SPF 20 (100ml);product
1395;Tromborg Deluxe Sun Protection SPF 15 (200ml);product
1396;Tromborg Deluxe Sun Protection SPF 30 (200ml);product
1397;Tromborg Deluxe Sun Protection SPF 15 TUBE (100ml);product
1398;Tromborg Deluxe Sun Protection SPF 30 TUBE (100ml);product
1399;Tromborg Deluxe Sun Protection SPF 50 TUBE (100ml);product
1400;Tromborg Deluxe Herbal After Sun Cream (100ml);product
1401;Tromborg Deluxe Self Tanning Cream (200ml);product
1402;Tromborg Aroma Therapy Deluxe Soap Lavender (200ml);product
1403;Tromborg Aroma Therapy Deluxe Soap Vanilla (200ml);product
1404;Tromborg Aroma Therapy Deluxe Soap Ginger (200ml);product
1406;Tromborg Deluxe Disinfection Hand Gel (100ml);product
1407;Tromborg Nail Care Kit ;product
1408;Tromborg Aroma Therapy Bath & Shower Wash Lavender (200ml);product
1409;Tromborg Aroma Therapy Bath & Shower Wash Ginger (200ml);product
1410;Tromborg Aroma Therapy Bath & Shower Wash Vanilla (200ml);product
1411;Tromborg Bath Salt Vanilla (600ml);product
1412;Tromborg Body Salt Scrub - Kiwi Mango (300g);product
1413;Tromborg Body Salt Scrub - Lemongrass (300g);product
1414;Tromborg Body Salt Scrub - Orange (300g);product
1415;Tromborg Aroma Therapy Body Lotion (200ml);product
1416;Tromborg Aroma Therapy Body Oil Mist Lavender (50ml);product
1484; KMS California HeadRemedy Sensitive Shampoo;product
1419;Tromborg Aroma Therapy Body Oil Mist Vanilla (50ml);product
1420;Tromborg Aroma Therapy Body Oil Mist Ginger (50ml);product
1421;Tromborg Aroma Therapy Face & Body Oil Ylang-Ylang (100ml);product
1482; KMS California HairPlay Gel Wax;product
1424;Tromborg Aroma Therapy Face & Body Oil Lavender-Rose Tree (100ml);product
1425;Tromborg Aroma Therapy Face & Body Oil Grape-Ginger-Rose Tree (100ml);product
1426;Tromborg Herbal & Vitamin Shampoo (200ml);product
1430;Tromborg Eau De Toilette Cumulus (50ml);product
1431;Tromborg Eau De Toilette Stratus (50ml);product
1432;Tromborg Eau De Toilette Mood (50ml);product
1434;Tromborg Eau De Toilette Dark Mood (50ml);product
1437;Tromborg Anti-Aging Wrinkle Cream (50ml);product
1439;Tromborg Sun Primer - DNA Protection Cream (50ml);product
1440;Tromborg Below 10 Degrees Cream (50ml);product
1441;Tromborg Pure Control Cream (30ml);product
1442;Tromborg Anti-Aging Wrinkle Serum;product
1444;Tromborg Anti-Aging Glow Serum (15ml);product
1446;Tromborg Anti-Aging Molecular Messenger Cream (50ml);product
1447;Tromborg Enrichment Leave On Mask (50ml);product
1448;Tromborg Mattifying Pore Control Cream (50ml);product
1486; KMS Freeshape 2-In-1 Styling + Finishing (200ml);product
1488; KMS HairPlay Makeover Spray;product
1490; KMS Moist Repair Therapy Treatment;product
1492; Korres Almond & Lineseed Hair Mask;product
1494; Korres Almond Oil & Shea Butter Hand Cream;product
1496; Korres Almond Oil & Vitamin C  Hand Cream;product
1498; Korres Black Pine Day Cream Normal Skin;product
1501; Korres Black Pine Eye Cream ;product
1503; Korres Black Pine Serum ;product
1505; Korres Body Milk Basil Lemon ;product
1507; Korres Body Milk Vanilla-Cinnamon ;product
1509; Korres Magnolia Bark Night Cream ;product
1511; Korres Quince Lip Butter;product
1513; Korres Sunflower & Tea Conditioner;product
1515; Korres Wild Rose Cream Oily/Combination;product
1517; Korres Wild Rose Cream24-hour Moisturising Cream;product
1519; Korres Wild Rose Lip Butter;product
1521; Korres Wild Rose Mas;product
1523; MOROCCANOIL® Curl Defining Cream;product
1525; MOROCCANOIL® Glimmer Shine Spray (50ml);product
1527; MOROCCANOIL® Intense Curl Creme;product
1529; MOROCCANOIL® Light Olie ;product
1531; MOROCCANOIL® Restorative Hair Mask;product
1533; Murad AHA/BHA Exfoliating Cleanser;product
1535; Murad Refreshing Cleanser ;product
1537; Rodial Dragon's Blood Eye Gel;product
1539; Rodial Dragon's Blood Hyaluronic Moisturiser;product
1541; Rodial dragon's blood hyaluronic night cream;product
1543; Rodial Dragon's Blood Hyaluronic Toning Spritz;product
1545; Rodial glamstick (Bang);product
1547; Rodial Glamtox(TM) Day SPF15;product
1549; Rodial Glamtox(TM) Night;product
1551; Rodial Glamtoxy(TM) Snake Serum;product
1553; Rosebud Mentholated Salve;product
1555; Rosebud Mocha Rose Salve;product
1557; Rosebud Salve;product
1559; Rosebud Strawberry Lip Balm;product
1561; Sachajuan Body Wash Ginger Flower;product
1563; Sachajuan Conditioner Colour Save;product
1565; Sachajuan Conditioner Dry ;product
1567; Sachajuan Conditioner Intensive Repair ;product
1569; Sachajuan Conditioner Normal;product
1571; Sachajuan Conditioner Volume;product
1573; Sachajuan Hair Mousse;product
1575; Sachajuan Hair Paste ;product
1577; Sachajuan Hair Wax;product
1579; Sachajuan Leave in Conditioner;product
1581; Sachajuan Shampoo Colour Save;product
1583; Sachajuan Shampoo Volume ;product
1585; Sachajuan Shine Spray ;product
1587; Sebastian Penetraitt Strengthening and Repair Conditioner ;product
1589; Zarkoperfume MOLéCULE No. 8;product
1644;American Crew 24-Hour Deodorant Body Wash ;product
1650;American Crew Classic Body Wash ;product
1654;American Crew Daily Moisturizing Shampoo ;product
1658;American Crew Firm Hold Styling Gel ;product
1662;American Crew Grooming Spray ;product
1671;American Crew Shave Precision Shave Gel ;product
1943;Rodial Dragon's Blood Hyaluronic Toning Spritz;product
1945;Rodial dragon's blood hyaluronic night cream;product
1947;Rodial Dragon's Blood Hyaluronic Moisturiser;product
1964;Rodial Superfit Size Zero(TM);product
1966;Rodial Superfit Arm Sculpt(TM);product
